,Education,Marital_Status,Income,MntWines,MntFruits,MntMeatProducts,MntFishProducts,MntSweetProducts,MntGoldProds
0,Graduation,Single,58138,58,635,88,546,172,88
1,Graduation,Single,46344,38,11,1,6,2,1
2,Graduation,Together,71613,26,426,49,127,111,21
3,Graduation,Together,26646,26,11,4,20,10,3
4,PhD,Married,58293,94,173,43,118,46,27
5,Master,Together,62513,16,520,42,98,0,42
6,Graduation,Divorced,55635,34,235,65,164,50,49
7,PhD,Married,33454,32,76,10,56,3,1
8,PhD,Together,30351,19,14,0,24,3,3
9,PhD,Together,5648,68,28,0,6,1,1
11,Basic,Married,7500,59,6,16,11,11,1
12,Graduation,Divorced,63033,82,194,61,480,225,112
13,Master,Divorced,59354,53,233,2,53,3,5
14,Graduation,Married,17323,38,3,14,17,6,1
15,PhD,Single,82800,23,1006,22,115,59,68
16,Graduation,Married,41850,51,53,5,19,2,13
17,Graduation,Together,37760,20,84,5,38,150,12
18,Master,Married,76995,91,1012,80,498,0,16
20,Graduation,Married,37040,41,86,2,73,69,38
21,Graduation,Married,2447,42,1,1,1725,1,1
22,PhD,Married,58607,63,867,0,86,0,0
23,PhD,Married,65324,0,384,0,102,21,32
24,Graduation,Together,40689,69,270,3,27,39,6
25,Graduation,Single,18589,89,6,4,25,15,12
26,Graduation,Married,53359,4,173,4,30,3,6
28,Graduation,Married,38360,26,36,2,42,20,21
29,PhD,Married,84618,96,684,100,801,21,66
30,Master,Divorced,10979,34,8,4,10,2,2
31,Master,Together,38620,56,112,17,44,34,22
32,Graduation,Together,40548,31,110,0,5,2,0
33,PhD,Divorced,46610,8,96,12,96,33,22
34,Master,Married,68657,4,482,34,471,119,68
35,Master,Single,49389,55,40,0,19,2,1
36,PhD,Married,67353,37,702,17,151,0,8
38,Graduation,Widow,42429,99,55,0,6,2,0
39,PhD,Divorced,48948,53,437,8,206,160,49
40,Graduation,Married,80011,3,421,76,536,82,178
41,Master,Married,20559,88,13,1,29,3,0
42,Graduation,Together,21994,4,9,0,6,3,1
44,Master,Married,7500,19,3,1,10,3,2
45,Graduation,Single,79941,72,123,164,266,227,30
47,Graduation,Together,41728,92,13,6,15,3,5
49,PhD,Married,72550,39,826,50,317,50,38
50,Graduation,Widow,65486,29,245,19,125,37,67
51,Master,Married,79143,2,650,37,780,27,167
52,Graduation,Single,35790,54,12,6,20,30,1
53,Graduation,Divorced,82582,54,510,120,550,156,40
54,Graduation,Married,66373,57,328,9,124,12,24
55,Master,Together,82384,55,984,51,432,180,120
56,Graduation,Divorced,70287,30,295,35,482,121,120
57,Graduation,Single,27938,31,13,0,8,2,1
59,PhD,Married,55954,63,447,0,28,0,0
60,Master,Single,75777,12,712,26,538,69,13
61,Graduation,Together,66653,18,452,18,102,16,18
62,Graduation,Single,61823,26,523,7,134,37,14
63,PhD,Widow,67680,8,546,0,48,0,6
64,Graduation,Together,70666,29,398,40,367,119,122
65,Graduation,Married,25721,75,1,3,6,3,6
66,Graduation,Together,32474,0,10,0,1,0,0
68,Graduation,Together,69096,4,247,49,159,7,82
69,Graduation,Together,74854,90,856,59,487,58,29
70,Master,Married,66991,1,496,36,460,189,60
72,Graduation,Married,65031,29,258,107,291,84,37
73,PhD,Married,60631,88,565,6,65,0,6
74,Graduation,Married,28332,58,14,10,13,4,15
75,Graduation,Divorced,40246,68,2,1,6,2,1
76,Master,Married,75251,34,721,111,925,97,18
77,Graduation,Single,75825,40,1032,105,779,137,105
79,Graduation,Together,56046,9,577,0,64,0,0
80,Graduation,Single,29760,87,64,4,68,7,5
81,Graduation,Married,26304,5,4,1,5,2,0
83,Master,Together,38620,56,112,17,44,34,22
84,Graduation,Divorced,81361,18,163,23,424,27,65
85,Graduation,Married,29440,95,17,8,14,10,4
86,Master,Married,36138,48,130,0,16,0,0
87,Graduation,Single,50388,3,292,6,37,0,3
88,Graduation,Married,79593,70,350,60,568,110,133
89,Graduation,Together,54178,79,135,9,39,4,0
93,Master,Single,42394,69,15,2,10,0,1
94,PhD,Married,23626,84,27,2,14,0,0
95,Graduation,Married,30096,30,5,3,11,12,5
96,Graduation,Widow,47916,72,505,0,26,0,0
97,Graduation,Divorced,51813,37,51,2,7,0,1
99,PhD,Married,50150,32,135,46,92,65,61
101,PhD,Single,34554,43,41,1,6,2,0
102,Graduation,Together,85693,59,386,172,183,185,132
103,PhD,Married,65846,68,562,81,276,80,40
104,Graduation,Married,87195,35,217,76,690,50,26
105,Basic,Together,24594,94,1,3,6,10,0
106,Graduation,Married,49096,15,144,1,32,2,1
107,Graduation,Married,52413,56,295,106,271,75,98
108,Graduation,Single,38557,17,76,3,31,4,4
109,Master,Married,89058,18,454,194,106,31,22
110,Graduation,Together,77298,46,425,115,292,23,35
111,PhD,Single,68126,40,1332,17,311,23,51
112,Master,Together,57288,27,527,0,21,0,0
113,Graduation,Single,86037,95,490,44,125,29,20
114,PhD,Married,43974,19,378,0,101,0,0
115,Graduation,Single,50785,27,64,1,21,0,1
116,Graduation,Married,90765,25,547,99,812,151,82
119,Graduation,Together,21918,37,1,6,7,11,5
120,Master,Together,56129,65,320,48,133,39,72
121,Master,Single,32557,13,34,3,29,0,4
122,Master,Married,19510,63,9,0,7,3,4
123,Graduation,Divorced,30992,83,17,0,14,7,3
124,Graduation,Single,101970,69,722,27,102,44,72
126,Graduation,Single,79607,37,450,133,951,173,0
127,Master,Married,54348,51,70,0,16,0,0
129,PhD,Together,77376,72,492,19,110,16,12
130,Graduation,Married,62998,10,120,58,73,65,89
131,Master,Alone,61331,42,534,5,47,0,5
132,Graduation,Married,73448,10,236,106,189,23,41
134,PhD,Married,41551,51,220,0,33,3,0
135,PhD,Together,62981,21,796,14,590,38,44
136,Basic,Divorced,9548,31,0,1,3,10,6
137,PhD,Married,33762,61,53,1,34,2,0
138,PhD,Alone,35860,37,15,0,8,4,2
139,PhD,Divorced,36921,74,17,1,12,3,1
140,Master,Single,92859,46,962,61,921,52,61
141,Master,Together,65104,4,738,0,232,13,20
142,Graduation,Married,86111,73,399,28,756,36,40
143,PhD,Single,68352,47,614,16,132,43,33
144,Graduation,Together,41883,13,32,34,41,73,16
145,Graduation,Married,59809,36,598,16,141,32,41
146,Graduation,Married,23957,47,2,1,18,20,11
147,Graduation,Together,38547,49,6,1,10,0,1
149,Master,Married,49605,65,42,16,29,12,20
150,Master,Married,59354,59,295,21,78,39,13
151,Graduation,Married,65747,96,346,17,48,23,13
153,Graduation,Alone,34176,12,5,7,24,19,14
154,PhD,Together,61010,57,888,0,57,0,0
155,Graduation,Together,69372,10,997,26,269,34,13
156,Graduation,Single,49967,4,212,6,69,4,12
157,Graduation,Single,60199,49,8,1,7,2,0
158,Graduation,Together,55375,3,42,11,57,10,28
159,Graduation,Single,80317,64,536,11,387,149,91
160,Master,Single,30523,0,5,0,3,0,0
161,PhD,Married,70356,20,1349,16,249,43,16
162,Graduation,Married,23228,91,53,3,49,7,4
163,PhD,Divorced,74165,9,1001,12,240,16,12
164,PhD,Married,157243,98,20,2,1582,1,2
165,Graduation,Together,43482,83,18,1,32,6,3
166,Graduation,Divorced,62551,27,125,16,98,134,21
167,Graduation,Divorced,52332,63,212,5,33,7,0
168,Graduation,Single,66951,46,277,162,305,173,76
169,Graduation,Together,26091,84,15,10,19,8,17
170,Graduation,Together,33456,58,7,3,10,8,1
171,Graduation,Married,28718,78,12,4,6,11,8
172,Graduation,Married,50447,4,85,7,24,2,3
173,PhD,Together,53537,17,81,0,6,0,0
174,Graduation,Single,52074,77,59,0,12,0,0
175,PhD,Married,80427,56,1149,71,449,69,71
176,PhD,Married,83837,79,847,66,119,86,89
177,PhD,Married,38853,90,29,0,14,0,0
178,Graduation,Together,38285,96,2,0,5,2,0
180,PhD,Married,51650,81,152,3,22,2,5
182,Master,Married,66835,21,620,26,195,34,17
183,Master,Married,30477,16,47,1,6,0,0
184,Basic,Married,28249,80,1,9,7,2,14
185,Graduation,Married,25271,45,10,1,18,10,4
186,PhD,Single,32303,63,35,0,2,0,0
187,Graduation,Married,61286,34,356,0,107,19,9
188,Graduation,Married,74068,14,783,30,537,140,76
189,PhD,Married,45759,13,42,1,18,3,0
190,Basic,Together,24882,52,1,4,10,29,0
191,PhD,Together,66973,98,466,22,432,147,113
193,Graduation,Married,38872,93,23,3,21,3,19
194,Graduation,Married,51148,38,235,6,45,8,9
195,Graduation,Married,31353,24,10,0,10,3,1
196,Master,Married,69661,80,656,16,106,32,16
197,Graduation,Married,80067,82,519,17,813,27,173
198,Graduation,Married,86718,20,344,189,482,50,33
199,PhD,Single,46854,81,96,1,79,7,1
200,Graduation,Divorced,69142,50,448,4,34,6,4
201,Graduation,Single,75922,60,265,138,553,224,23
202,Graduation,Divorced,63693,63,587,43,337,42,87
203,PhD,Together,102160,54,763,29,138,76,176
204,PhD,Single,40637,72,22,0,13,0,0
205,Master,Single,18890,5,6,4,1,7,2
206,Graduation,Together,29604,88,7,6,13,7,6
207,Master,Divorced,48721,50,81,18,113,47,13
208,Graduation,Married,44794,99,54,0,7,0,0
209,Graduation,Divorced,64497,17,1170,48,320,42,32
210,Graduation,Together,46097,11,72,24,68,65,4
211,Graduation,Together,77972,18,613,22,319,33,102
212,PhD,Married,44377,70,224,0,30,0,0
213,Master,Together,46014,21,410,0,59,19,9
214,Graduation,Married,70951,66,239,10,554,254,87
215,Graduation,Married,41443,79,171,7,171,25,19
217,Master,Married,83790,81,1076,16,417,42,48
218,Master,Widow,44551,24,182,4,33,0,0
219,Graduation,Together,69508,48,824,32,162,42,32
221,Graduation,Married,72460,56,377,10,540,80,30
222,PhD,Together,77622,3,520,7,154,19,0
223,PhD,Married,30732,44,155,1,25,0,1
224,Graduation,Divorced,63887,38,897,23,207,15,11
225,Graduation,Together,42011,46,131,0,16,2,1
226,Graduation,Together,51369,84,297,7,79,0,11
227,Graduation,Divorced,51537,27,787,20,204,0,0
228,PhD,Married,79930,72,792,86,740,67,51
229,PhD,Together,34320,66,4,1,9,3,0
230,Graduation,Single,37070,30,231,7,137,4,15
232,Graduation,Together,38590,65,3,1,8,4,3
233,Graduation,Single,15033,37,0,4,5,6,0
234,PhD,Married,62745,89,562,21,464,28,10
236,Master,Together,23661,46,18,0,4,0,0
237,PhD,Single,79761,32,415,5,124,15,35
238,Graduation,Single,7500,54,5,3,10,12,7
240,Graduation,Widow,73455,98,901,61,757,186,163
241,Graduation,Together,64961,97,382,114,276,75,124
242,Graduation,Single,22804,75,14,1,7,2,1
243,Graduation,Married,73687,8,559,153,503,218,13
244,Graduation,Married,61074,37,789,0,133,0,28
245,PhD,Married,31686,31,11,0,5,0,0
246,Graduation,Married,80134,40,1218,16,272,104,0
247,Graduation,Married,75027,74,925,64,179,133,12
248,PhD,Married,67546,90,864,134,768,150,38
249,Master,Together,65176,57,960,28,183,220,70
250,Master,Single,31160,59,16,3,25,6,1
251,Graduation,Single,29938,52,3,3,7,0,2
252,Graduation,Divorced,102692,5,168,148,444,32,172
254,Graduation,Together,75702,77,650,28,353,45,42
255,PhD,Single,30899,35,24,0,8,0,0
256,PhD,Together,63342,48,918,21,118,13,10
257,Graduation,Single,45989,97,138,33,87,28,24
258,Graduation,Single,18701,95,12,4,2,10,6
259,PhD,Single,40737,24,11,0,4,0,0
260,Graduation,Divorced,15287,60,1,2,8,4,3
261,PhD,Divorced,69674,46,554,41,215,11,0
262,Master,Married,44159,85,167,2,62,24,13
263,PhD,Married,37717,31,9,0,6,4,1
264,Master,Together,43776,9,177,2,71,3,2
265,Master,Married,38179,30,38,4,22,4,2
266,Graduation,Married,80124,47,483,84,398,205,84
267,PhD,Married,38097,70,77,2,35,0,1
268,Graduation,Married,72940,13,182,74,298,162,149
269,Graduation,Together,22070,11,10,7,19,8,2
270,Graduation,Single,69267,31,778,44,499,95,73
271,Master,Single,31788,15,16,7,23,0,8
272,PhD,Together,61905,2,167,0,43,6,2
273,Graduation,Married,29315,55,13,2,14,8,7
274,Graduation,Divorced,33378,38,33,6,40,3,7
275,PhD,Together,66313,86,625,7,99,10,22
276,Graduation,Single,60714,56,216,162,224,101,92
277,Master,Together,77882,29,68,129,396,188,22
278,PhD,Single,69867,30,196,0,512,33,130
279,Master,Divorced,63841,64,635,15,100,20,7
280,Basic,Married,24480,46,4,19,9,28,25
281,Graduation,Together,51369,84,297,7,79,0,11
282,Graduation,Together,37760,20,84,5,38,150,12
283,PhD,Together,65640,74,204,7,149,20,15
284,Master,Married,44319,18,26,0,8,0,0
285,Graduation,Married,30631,75,15,6,20,4,5
286,Graduation,Together,75278,17,304,98,230,150,74
287,Master,Together,50898,88,285,28,242,55,114
288,Graduation,Widow,79946,19,395,183,565,166,141
289,Master,Divorced,35416,62,248,3,81,4,3
291,Graduation,Together,38361,74,39,0,56,20,8
292,Graduation,Married,82497,32,777,129,573,216,21
293,Graduation,Together,16626,76,8,3,22,21,1
294,Graduation,Together,29672,6,9,1,3,0,4
295,Master,Together,55951,62,1241,0,80,0,13
297,Master,Together,42386,43,65,4,16,0,4
298,Graduation,Single,68627,45,395,15,263,60,54
299,PhD,Divorced,57912,34,801,0,80,0,0
300,Graduation,Divorced,35246,53,36,0,12,2,2
302,PhD,Married,46377,89,37,0,46,4,3
303,Graduation,Single,39747,43,80,15,93,20,13
304,Graduation,Together,23976,68,14,1,21,2,3
305,Master,Married,80950,44,525,147,112,219,147
306,Graduation,Widow,27038,64,1,26,25,17,23
307,Graduation,Single,77457,85,675,11,400,15,45
308,Master,Married,64100,93,509,0,27,0,0
309,Master,Together,42670,12,154,2,46,20,4
310,Graduation,Divorced,12571,86,3,5,14,2,12
311,Graduation,Married,22574,28,25,0,8,2,0
313,Master,Single,70893,42,768,44,561,77,44
314,Graduation,Married,54198,13,185,0,28,3,2
315,Master,Together,28839,86,24,0,7,0,0
316,Graduation,Married,40321,59,44,4,21,6,0
317,Graduation,Single,66503,30,91,64,128,65,3
318,Graduation,Married,30833,33,11,0,7,3,1
320,Graduation,Married,64795,23,412,5,119,38,29
321,Graduation,Married,34421,81,3,3,7,6,2
322,PhD,Divorced,47025,6,16,0,3,0,0
323,PhD,Divorced,64325,41,731,60,353,78,12
324,Graduation,Single,40464,78,424,17,118,7,23
325,Graduation,Married,62187,49,792,0,275,45,45
326,PhD,Divorced,14849,39,21,2,28,3,2
327,Graduation,Married,27255,3,22,1,11,0,1
328,PhD,Married,54432,37,33,0,5,0,0
329,PhD,Single,29999,22,68,7,59,10,5
330,Graduation,Single,24072,79,9,1,6,3,0
331,PhD,Single,33996,46,40,2,15,8,0
332,PhD,Married,66334,82,909,11,218,0,0
333,Master,Married,35178,10,23,1,13,2,2
334,Graduation,Together,22010,51,11,2,9,3,0
335,Graduation,Divorced,62204,38,317,46,247,151,46
336,Graduation,Divorced,75693,10,797,153,293,72,97
337,Graduation,Married,30675,14,10,2,16,11,2
338,Graduation,Together,83003,18,856,61,570,40,25
339,PhD,Together,83532,36,755,144,562,104,64
340,Graduation,Single,68655,95,456,19,832,75,118
341,Graduation,Divorced,41411,11,37,32,38,11,3
342,PhD,Married,55212,65,1103,0,45,0,0
343,PhD,Together,59292,71,378,14,68,19,14
344,Basic,Together,27190,13,1,6,7,0,1
345,Graduation,Divorced,82623,58,204,34,204,172,153
346,Graduation,Married,44300,65,30,0,9,0,0
347,Graduation,Divorced,84835,0,189,104,379,111,189
348,Graduation,Widow,30372,33,15,0,12,7,3
349,Master,Married,33181,90,9,0,3,0,0
350,Graduation,Married,71113,95,495,33,255,11,33
351,Graduation,Married,71952,93,656,80,455,52,107
352,PhD,Single,69759,38,452,20,514,13,30
353,Graduation,Married,72099,18,546,91,410,119,0
354,PhD,Single,60000,57,1048,0,217,0,0
355,Graduation,Single,38643,45,22,2,14,0,1
356,Graduation,Married,50737,61,78,0,11,0,0
357,PhD,Married,68462,6,561,64,785,84,128
358,Master,Married,65073,65,629,17,177,69,0
359,PhD,Together,46681,52,269,15,69,15,19
360,Graduation,Married,78618,87,736,163,818,212,163
361,PhD,Widow,62187,38,512,0,83,0,0
362,Graduation,Married,28442,53,19,3,10,11,8
363,PhD,Married,37717,31,9,0,6,4,1
364,Graduation,Married,51479,67,247,8,160,6,8
365,Graduation,Single,54803,65,404,0,92,28,27
366,Graduation,Married,79530,64,333,0,815,129,42
367,Graduation,Divorced,31615,82,2,3,20,6,11
368,Graduation,Together,72025,27,833,33,549,151,133
369,PhD,Single,52614,63,789,0,142,12,9
371,Graduation,Married,48178,69,159,4,45,6,2
372,Master,Single,29548,52,7,1,6,3,1
373,Graduation,Single,63810,45,977,12,253,16,12
374,PhD,Single,38578,2,38,4,22,3,3
375,Master,Single,46098,86,57,0,27,0,0
376,Graduation,Single,22585,23,3,9,15,13,2
377,Graduation,Single,30279,13,10,4,14,4,4
378,PhD,Together,66426,14,1043,24,97,32,24
379,Graduation,Single,30822,92,3,9,13,2,12
380,PhD,Married,33581,38,11,0,5,0,0
381,Graduation,Married,19986,74,3,6,5,0,2
382,Graduation,Widow,27421,14,43,12,96,78,40
384,Master,Single,36143,33,12,0,1,0,0
385,Graduation,Single,10245,32,4,7,7,6,4
386,Master,Together,43795,11,314,11,53,4,3
387,Graduation,Together,63381,78,571,50,142,33,50
388,Graduation,Together,38823,56,70,0,11,2,8
389,PhD,Divorced,83664,57,866,21,151,28,21
390,Graduation,Together,90300,7,594,134,786,33,134
391,Master,Together,62499,0,140,4,61,0,13
392,Graduation,Single,74293,66,375,152,335,93,91
393,PhD,Married,51012,86,102,9,63,2,9
394,Master,Married,70777,80,554,35,113,0,7
395,PhD,Together,68682,56,919,0,505,99,30
396,Graduation,Married,43824,18,96,1,42,12,3
397,Graduation,Together,15345,51,5,2,16,3,2
398,Graduation,Single,23442,71,2,0,6,8,6
401,Graduation,Together,75276,2,610,105,125,137,42
402,Graduation,Single,42373,83,67,5,61,3,8
403,Graduation,Together,30507,29,65,36,74,38,20
404,PhD,Single,55521,11,416,0,26,0,0
405,Graduation,Married,48006,55,23,0,11,3,2
406,PhD,Single,27213,19,19,3,26,10,9
407,PhD,Divorced,65808,1,155,7,80,13,7
408,PhD,Together,30351,19,14,0,24,3,3
409,Graduation,Married,50437,28,370,9,92,6,9
411,Graduation,Married,53858,50,407,53,221,58,150
412,PhD,Married,66465,1,1200,0,204,38,29
413,Graduation,Single,46923,90,85,44,54,102,78
414,Graduation,Together,75072,83,583,34,309,0,22
415,PhD,Married,75865,73,483,0,591,156,0
417,Graduation,Together,80134,11,966,26,282,52,26
418,Graduation,Single,91065,33,822,114,108,179,137
419,Master,Married,49505,4,604,0,100,19,0
420,PhD,Married,37401,14,19,3,19,3,1
421,Graduation,Married,30096,30,5,3,11,12,5
422,Master,Together,18492,75,2,2,2,2,1
423,Master,Married,82584,26,1076,68,103,29,91
424,PhD,Married,93027,77,1285,42,716,55,0
425,Graduation,Married,48686,8,10,0,7,2,0
426,Graduation,Married,92910,42,551,137,792,179,103
427,Graduation,Married,75433,28,800,0,297,0,34
429,Graduation,Married,61314,1,378,0,189,97,172
430,PhD,Single,84865,1,1248,16,349,43,16
431,Graduation,Married,42387,42,235,0,235,19,4
433,Graduation,Married,75236,27,438,66,400,12,38
434,Graduation,Single,30015,28,25,0,22,2,3
435,Master,Together,50943,49,31,0,7,2,0
436,Graduation,Divorced,67272,12,357,35,271,28,28
437,Master,Widow,51529,14,400,4,35,6,0
438,PhD,Married,32011,89,99,0,15,2,1
440,Graduation,Married,28691,56,5,4,13,8,0
441,PhD,Married,56223,72,77,28,31,16,0
442,Graduation,Married,18100,14,3,1,2,4,3
443,Graduation,Single,30279,13,10,4,14,4,4
445,Graduation,Divorced,23295,72,0,0,1,2,12
446,Master,Divorced,42618,92,76,14,74,13,5
447,Graduation,Single,81246,87,398,190,537,61,156
448,Graduation,Married,24027,7,14,7,11,11,0
449,PhD,Married,55707,91,208,7,82,30,66
450,Graduation,Single,57959,71,430,16,322,43,24
451,Graduation,Married,56796,24,656,38,161,62,47
452,Master,Single,36230,17,14,2,30,8,2
454,Graduation,Married,65991,21,507,19,364,25,47
455,Graduation,Married,38988,90,164,24,103,12,3
457,Master,Married,42207,71,116,11,72,3,17
458,Graduation,Married,50300,52,143,15,60,24,23
460,Graduation,Married,60597,2,522,0,257,32,16
461,Graduation,Widow,70165,60,161,0,253,199,191
462,PhD,Widow,50520,25,112,0,6,2,1
463,Graduation,Married,80124,47,483,84,398,205,84
464,Graduation,Married,33183,46,7,5,39,17,15
465,PhD,Single,66582,83,789,25,420,16,38
466,PhD,Together,75261,17,1239,17,413,23,34
467,Graduation,Widow,31880,13,4,1,5,2,0
468,Graduation,Married,53790,86,335,42,127,28,5
469,PhD,Together,49269,92,639,8,166,11,8
470,Graduation,Married,61456,47,563,76,384,84,192
471,Graduation,Married,37406,18,2,0,8,2,2
472,PhD,Together,56937,81,746,8,125,11,8
473,Graduation,Married,38415,91,22,1,13,4,0
474,Graduation,Single,20518,58,4,1,6,4,1
475,Graduation,Married,62503,40,478,0,193,110,75
476,PhD,Single,41644,67,20,3,4,2,0
477,Master,Married,55842,19,451,0,39,0,4
478,PhD,Married,62010,93,371,22,39,6,0
479,Graduation,Married,41124,41,281,7,84,15,0
480,Master,Married,38961,60,19,7,19,0,1
481,Master,Divorced,37760,54,26,3,13,2,10
482,Graduation,Single,32233,26,138,15,35,25,11
483,Graduation,Married,43057,30,213,2,44,0,2
484,Master,Together,83151,93,407,28,100,120,74
485,PhD,Divorced,78825,35,483,74,114,169,37
486,Master,Together,65104,4,738,0,232,13,20
487,Graduation,Married,60093,92,502,12,109,16,6
488,Graduation,Married,14045,24,11,0,5,2,1
490,PhD,Together,78952,11,1170,19,594,99,76
491,Graduation,Divorced,46310,99,185,2,88,15,5
492,Graduation,Together,76005,72,983,20,389,240,50
493,Master,Single,58308,77,691,0,69,10,0
494,PhD,Divorced,55614,85,504,13,131,8,0
495,Master,Divorced,59432,88,317,25,265,25,19
496,Graduation,Divorced,55563,22,29,1,9,2,0
497,PhD,Together,78642,83,1396,0,322,46,35
498,PhD,Together,67911,63,529,0,356,63,28
499,Graduation,Married,65275,9,388,14,218,91,14
500,Graduation,Together,27203,92,13,2,21,4,0
501,Master,Together,48330,2,28,0,4,0,0
502,Basic,Married,24279,6,16,36,21,20,62
503,PhD,Married,64355,66,1047,0,140,67,38
504,Master,Together,50943,49,31,0,7,2,0
505,Graduation,Widow,53653,29,815,10,239,28,10
506,Graduation,Married,65665,77,225,162,387,106,36
507,Graduation,Single,81217,77,493,70,324,146,40
508,Graduation,Married,34935,71,34,4,66,3,10
509,Graduation,Divorced,61250,49,382,138,65,60,26
510,PhD,Together,39665,97,127,1,56,0,1
511,Graduation,Single,60152,6,325,83,300,86,58
512,Graduation,Married,48920,93,238,17,68,8,10
513,Master,Together,89120,78,1168,92,408,72,129
514,PhD,Together,44124,62,284,0,55,0,6
515,Master,Single,81169,47,1288,20,613,80,61
516,Graduation,Married,36443,9,65,0,46,4,3
517,Graduation,Single,26095,77,11,7,9,3,1
518,Graduation,Together,71367,24,227,23,389,42,21
519,Master,Married,80184,19,1035,134,670,25,38
520,Graduation,Divorced,30630,67,27,1,12,2,0
521,Master,Single,73454,95,982,73,351,56,14
522,Graduation,Married,42691,48,179,2,64,38,17
523,Graduation,Married,70503,73,1379,33,216,0,33
524,Graduation,Married,25545,35,32,1,64,16,12
525,Graduation,Married,32880,76,8,4,15,7,6
526,PhD,Together,77863,20,881,38,319,16,25
527,Master,Married,50353,72,141,15,153,67,31
528,Graduation,Single,61839,20,1000,155,379,224,17
529,PhD,Married,49154,69,206,10,67,30,27
531,Graduation,Single,72679,65,619,54,260,127,54
532,Master,Together,57954,52,456,4,24,0,0
533,Graduation,Married,65316,65,112,6,92,3,9
534,Graduation,Single,28567,57,11,3,22,2,2
535,Master,Together,47352,70,172,12,112,8,0
536,Graduation,Together,44931,0,78,0,11,0,0
537,Graduation,Divorced,76982,19,464,151,292,65,60
539,Master,Single,22944,67,19,3,19,4,5
541,Graduation,Widow,43638,37,63,10,83,7,19
542,PhD,Single,42710,38,252,3,42,4,3
543,PhD,Married,84169,9,1478,19,403,0,19
544,Graduation,Together,54058,56,198,18,252,32,108
546,Graduation,Widow,85620,68,416,46,925,60,107
547,Graduation,Married,47850,72,42,7,43,20,12
548,Graduation,Married,19514,47,14,3,21,2,1
549,Master,Married,27159,33,17,0,3,0,0
551,Graduation,Single,21474,0,6,16,24,11,0
552,PhD,Single,60504,73,458,0,24,6,4
553,Graduation,Married,22419,74,30,3,47,19,21
554,Master,Married,81698,4,179,28,520,111,123
555,Graduation,Together,43462,50,90,17,97,15,6
556,PhD,Single,54880,57,308,85,137,102,45
557,Graduation,Married,79908,30,557,129,761,29,185
559,Graduation,Together,87771,61,1492,38,287,50,57
560,Graduation,Married,33039,4,30,8,12,8,8
561,Graduation,Single,81741,75,249,153,940,58,134
562,Master,Together,71499,12,465,25,132,136,0
564,PhD,Divorced,48799,9,174,18,81,28,6
565,PhD,Together,52157,48,189,2,29,3,2
566,Graduation,Single,66565,80,747,10,161,65,40
567,Master,Together,29298,60,6,0,2,2,0
568,Graduation,Single,47691,43,14,0,3,0,0
569,Graduation,Together,38200,19,12,0,4,0,0
570,Graduation,Married,44989,26,98,0,106,49,10
571,PhD,Married,38443,58,32,0,5,0,0
573,PhD,Together,64413,27,200,5,44,0,10
574,Master,Married,36959,56,25,6,25,6,0
575,PhD,Married,61996,27,1050,12,144,0,0
576,Graduation,Married,51287,10,117,0,22,13,0
577,Graduation,Married,13260,48,9,4,17,10,2
578,PhD,Together,47472,39,56,0,11,0,0
579,Master,Together,54603,85,145,13,46,17,2
580,PhD,Married,45207,64,203,0,10,0,0
581,Graduation,Together,40689,69,270,3,27,39,6
583,Master,Married,27450,57,37,12,23,8,11
584,Graduation,Together,39453,64,46,0,7,0,0
586,Graduation,Widow,79800,65,1060,21,530,32,0
587,Master,Married,61794,74,264,47,188,54,47
588,Graduation,Together,53863,4,399,4,30,6,4
589,Graduation,Together,24221,94,8,9,9,2,5
590,PhD,Single,39684,41,19,0,35,6,4
591,Master,Married,92163,25,817,183,797,106,163
592,Master,Single,69882,94,292,127,635,132,127
593,Graduation,Together,33178,9,12,6,2,11,2
594,PhD,Married,59973,47,130,30,168,20,34
595,Master,Together,17459,12,6,4,16,3,10
596,Graduation,Divorced,23910,80,16,12,18,7,1
597,Master,Married,42169,20,19,0,9,0,0
599,Graduation,Together,31089,57,31,3,31,2,8
600,Graduation,Single,30081,27,36,0,2,0,0
601,Graduation,Together,62807,83,526,28,135,10,21
602,Graduation,Single,72906,79,400,32,519,71,75
603,PhD,Married,61467,69,410,16,114,0,5
604,Master,Together,49618,77,80,3,26,4,2
605,Master,Single,21888,15,88,10,46,2,3
606,Graduation,Widow,42429,99,55,0,6,2,0
607,Graduation,Divorced,26150,61,5,1,13,3,5
608,Basic,Married,30801,23,8,4,5,15,2
609,Graduation,Married,81168,84,410,0,592,147,22
610,Master,Single,26877,74,101,13,76,20,18
611,Master,Widow,45006,90,162,25,53,16,0
612,Basic,Married,18978,41,2,8,1,4,7
613,Graduation,Married,22574,28,25,0,8,2,0
614,PhD,Single,48240,73,389,91,248,64,49
615,Graduation,Married,45837,88,215,13,87,17,17
616,Master,Single,35791,94,27,0,5,0,0
617,PhD,Together,162397,31,85,1,16,2,1
618,Graduation,Widow,54162,31,5,6,10,6,5
619,Master,Married,30522,6,179,8,83,19,11
620,PhD,Married,54456,23,352,0,27,10,0
621,Graduation,Single,31632,92,17,8,12,11,15
622,Graduation,Widow,72298,52,625,35,169,58,17
625,Graduation,Married,13624,93,10,2,15,2,1
626,Graduation,Single,84196,56,215,63,507,231,31
627,Graduation,Together,70971,28,1001,17,572,93,125
628,PhD,Divorced,34487,94,19,18,33,24,1
629,Graduation,Single,28769,76,41,5,129,10,3
630,PhD,Married,69084,43,1181,107,199,39,30
631,PhD,Together,65488,46,603,45,207,36,18
634,Graduation,Single,83917,12,514,22,732,42,198
635,Graduation,Divorced,46102,3,14,0,1,0,0
636,Graduation,Single,84574,72,387,20,713,38,54
637,Graduation,Married,56181,6,121,103,69,8,44
638,Master,Divorced,63120,53,965,69,279,54,41
639,Graduation,Married,73691,58,707,21,250,85,43
640,Graduation,Together,63381,78,571,50,142,33,50
641,PhD,Together,76140,57,586,66,653,17,0
642,PhD,Divorced,62859,37,1063,89,102,16,12
643,Graduation,Single,45906,20,305,3,27,4,3
644,Master,Together,77632,73,1200,105,758,0,42
645,PhD,Married,46463,56,163,2,40,8,11
646,Graduation,Together,105471,36,1009,181,104,202,21
647,Master,Divorced,55282,9,125,6,73,8,4
648,Master,Married,78710,42,721,0,152,119,50
649,Graduation,Together,66886,28,315,4,62,41,31
650,Master,Single,98777,23,1000,19,711,125,115
651,Graduation,Together,29103,38,16,0,17,6,3
652,Graduation,Married,67445,63,757,80,217,29,80
653,PhD,Together,50616,71,30,2,25,0,1
654,Graduation,Divorced,49431,9,219,3,100,26,0
655,Graduation,Divorced,153924,81,1,1,1,1,1
656,Graduation,Together,61278,87,111,3,28,2,6
658,PhD,Together,73059,36,410,112,420,0,82
659,PhD,Single,46734,86,100,1,39,6,1
660,Graduation,Together,56253,83,509,0,65,7,11
661,Graduation,Married,19986,74,3,6,5,0,2
662,Graduation,Widow,58330,87,445,53,213,104,98
663,Basic,Married,25965,29,2,2,11,41,7
664,Master,Together,14661,88,4,1,11,6,2
665,Graduation,Married,18690,77,6,1,7,23,4
666,PhD,Together,45068,25,14,0,3,0,0
667,Basic,Single,21063,34,1,10,11,19,3
668,PhD,Married,29187,43,26,0,6,0,0
670,PhD,Married,59304,81,418,61,428,80,51
671,Master,Single,59247,87,327,9,122,19,14
672,Graduation,Widow,66731,33,371,159,194,58,106
673,Graduation,Married,77353,38,275,59,107,69,101
674,PhD,Single,52614,63,789,0,142,12,9
675,Graduation,Married,26751,26,1,1,5,0,3
676,PhD,Married,81300,17,1004,12,145,32,12
677,Graduation,Single,70337,75,187,81,149,25,43
679,PhD,Single,65295,19,365,32,117,34,110
680,Graduation,Divorced,68118,51,595,23,123,10,23
681,Graduation,Divorced,68743,81,1132,134,384,175,134
683,Graduation,Together,38946,84,116,6,82,6,6
684,Graduation,Together,65777,87,565,32,435,28,32
685,PhD,Divorced,66476,99,372,18,126,47,48
686,PhD,Single,86857,96,899,102,838,133,102
687,PhD,Married,160803,21,55,16,1622,17,3
688,PhD,Together,77845,40,760,40,480,0,40
689,PhD,Together,69476,3,260,86,559,63,9
690,PhD,Divorced,50611,98,459,0,24,6,0
691,Graduation,Single,61209,73,466,0,224,119,49
692,Master,Together,42315,90,67,15,80,17,11
693,Basic,Together,13084,29,2,0,7,3,7
694,Master,Widow,47570,3,67,1,20,0,2
695,Master,Married,61923,94,92,4,18,3,3
696,Graduation,Single,34824,65,4,2,11,2,0
697,PhD,Single,26518,33,20,1,28,3,3
698,Graduation,Single,45938,46,273,11,178,62,83
699,Graduation,Together,78468,29,434,22,388,104,22
700,Graduation,Divorced,78901,99,321,11,309,33,26
701,Graduation,Married,71427,26,212,123,177,15,64
702,Graduation,Divorced,71022,30,909,12,278,0,12
703,Master,Single,90247,27,1184,32,352,21,16
704,Master,Divorced,41335,24,112,19,21,16,14
705,Graduation,Married,71952,93,656,80,455,52,107
706,PhD,Divorced,35682,34,23,0,8,6,2
707,Graduation,Divorced,43185,88,537,6,42,16,6
708,PhD,Together,66375,96,712,0,45,0,0
709,Master,Married,35178,10,23,1,13,2,2
710,Graduation,Married,25252,26,1,3,4,2,2
711,Master,Single,55250,49,664,58,83,32,0
712,Graduation,Single,33249,11,6,10,21,19,14
713,Graduation,Together,58398,44,299,5,201,21,21
714,Graduation,Together,50272,75,99,13,66,43,8
715,PhD,Married,76618,64,749,40,294,121,160
717,Graduation,Together,25851,45,9,4,18,7,5
718,Graduation,Divorced,58710,77,440,81,368,0,122
719,Graduation,Single,45160,9,8,2,5,3,0
720,Master,Married,74806,1,670,9,249,0,28
721,Graduation,Married,59111,90,524,0,134,28,28
722,PhD,Married,18988,43,6,0,6,2,1
723,Graduation,Married,72190,79,597,166,597,172,166
724,Graduation,Married,7500,19,7,0,12,13,7
725,Graduation,Married,44794,99,54,0,7,0,0
726,Graduation,Married,80395,62,445,25,706,80,76
727,Master,Divorced,75012,41,294,142,218,164,58
728,Master,Married,56962,60,292,3,77,10,3
729,Graduation,Together,89891,17,412,22,132,59,28
730,PhD,Divorced,35946,24,8,0,3,0,0
731,PhD,Together,53593,60,349,4,78,6,0
732,Graduation,Married,66373,57,328,9,124,12,24
733,PhD,Divorced,45072,74,144,2,99,7,2
734,Graduation,Divorced,89694,22,1126,28,211,37,28
735,Graduation,Married,72025,46,967,0,617,43,50
736,Graduation,Married,67432,69,432,79,341,177,136
737,Master,Together,70545,29,138,39,63,55,18
738,Basic,Married,17487,37,0,0,1,7,4
739,Graduation,Together,62882,26,509,133,497,78,24
740,PhD,Single,64108,8,948,10,86,13,21
741,Master,Together,34941,26,39,2,25,4,3
742,PhD,Single,48767,79,28,1,21,3,0
744,Graduation,Married,82224,83,307,26,360,138,31
745,Graduation,Together,83844,57,901,31,345,75,31
747,Graduation,Single,71163,30,283,17,372,138,106
748,Graduation,Single,33697,34,4,3,7,0,3
750,PhD,Together,83443,89,518,42,742,55,56
751,PhD,Together,51518,92,350,8,66,17,4
752,Graduation,Widow,58330,87,445,53,213,104,98
753,Graduation,Married,80952,20,778,178,689,41,27
754,Graduation,Together,75507,56,709,93,374,104,80
756,PhD,Together,62220,55,799,12,375,16,12
757,Graduation,Married,58512,25,895,10,101,13,0
758,Master,Married,40662,0,40,2,23,0,4
759,PhD,Married,38829,86,76,0,7,0,0
761,Graduation,Single,79146,33,245,16,223,21,43
762,Master,Married,78285,13,647,107,391,175,67
763,PhD,Single,31626,12,39,1,9,2,1
764,Graduation,Single,75127,92,203,35,305,46,17
765,Graduation,Married,48726,90,138,3,38,4,0
766,Graduation,Married,74985,8,587,51,898,247,0
767,Graduation,Together,67430,6,595,97,291,127,133
769,Master,Married,62058,52,301,7,74,10,0
770,Graduation,Married,72063,3,180,32,348,76,32
771,PhD,Married,78939,57,794,115,243,150,0
772,Graduation,Single,42720,9,392,5,91,28,26
773,Graduation,Married,33622,22,39,1,22,3,4
774,PhD,Together,6835,76,107,2,12,2,2
775,Graduation,Together,41452,86,13,0,3,0,0
776,PhD,Single,40760,64,70,0,17,0,0
777,PhD,Together,74250,90,680,11,392,75,0
778,Master,Single,51124,79,26,1,11,0,1
779,Graduation,Single,72258,28,522,0,522,227,120
780,PhD,Single,71466,86,412,12,546,78,182
781,Graduation,Together,36283,42,6,5,5,8,0
782,Graduation,Single,20587,39,2,3,6,4,1
783,Graduation,Married,30467,8,1,3,8,2,5
784,Graduation,Together,31590,40,6,2,15,6,6
785,Basic,Married,20425,5,4,12,5,3,16
786,Master,Together,17144,96,18,2,19,0,2
787,PhD,Divorced,42564,28,324,48,186,39,18
788,Master,Married,43783,22,327,9,125,25,4
789,Graduation,Divorced,40780,30,229,27,71,13,3
790,Master,Together,62847,45,521,168,706,80,76
791,PhD,Married,82017,58,184,23,446,30,23
792,Graduation,Single,16813,49,4,8,11,12,2
793,Graduation,Married,51267,37,183,2,64,7,2
794,Graduation,Single,46524,70,31,19,35,26,14
795,Master,Single,45183,33,219,3,60,12,9
796,PhD,Married,70421,98,479,28,136,75,14
798,Graduation,Together,73926,54,627,91,597,159,91
799,Graduation,Married,19329,39,24,1,16,12,2
800,Master,Married,61872,81,330,5,159,36,27
801,Graduation,Widow,46984,71,19,1,10,2,1
802,Graduation,Married,34838,62,28,23,29,29,14
803,PhD,Single,82716,8,606,148,228,15,148
804,Graduation,Married,48192,76,1039,43,204,153,58
805,Master,Married,49681,66,411,0,26,0,0
806,Master,Married,56850,83,34,1,19,2,7
807,Graduation,Married,55267,28,161,28,136,32,3
808,Graduation,Married,59666,87,623,53,178,23,17
809,Graduation,Single,72504,43,604,26,470,123,161
810,Graduation,Married,26872,0,3,10,8,3,16
811,Graduation,Single,21359,1,12,2,17,6,1
812,Graduation,Single,73170,1,184,174,256,50,30
813,Master,Married,52750,72,393,0,239,90,69
814,PhD,Together,91820,72,410,73,747,76,161
815,PhD,Together,65968,12,376,9,83,19,4
816,Graduation,Married,30772,89,7,2,4,2,1
817,Graduation,Single,22507,67,68,0,226,51,157
818,Graduation,Married,65685,54,642,14,49,0,7
820,PhD,Single,76412,15,840,53,804,23,71
821,Graduation,Married,22063,43,7,10,13,3,11
822,Graduation,Single,57091,0,464,5,64,7,0
823,Graduation,Married,22419,74,30,3,47,19,21
824,Graduation,Together,87771,61,1492,38,287,50,57
826,Graduation,Married,93404,97,1279,15,287,20,0
827,Graduation,Divorced,37859,75,22,1,8,2,1
828,PhD,Widow,80995,83,860,28,409,73,56
829,Graduation,Together,16529,23,3,0,5,13,0
830,PhD,Divorced,55412,65,10,5,28,11,1
831,Graduation,Single,48789,94,351,16,156,7,5
832,PhD,Together,56575,42,421,5,90,0,16
834,Graduation,Married,35441,94,25,1,9,2,1
835,Graduation,Married,71391,50,336,123,274,46,123
836,Master,Single,49494,46,191,9,97,0,6
837,Graduation,Divorced,81702,98,563,50,774,28,31
839,Graduation,Single,56628,30,479,5,82,7,17
840,Graduation,Together,34026,11,18,6,15,12,8
841,Graduation,Married,40049,61,91,65,52,10,44
842,Graduation,Single,34176,12,5,7,24,19,14
843,Graduation,Married,19419,76,2,14,28,16,3
845,Graduation,Together,81205,43,724,74,929,97,55
847,Master,Single,55284,60,547,7,140,0,7
848,Graduation,Single,49980,79,104,1,54,13,9
849,Graduation,Married,15072,96,8,2,15,0,10
850,Graduation,Single,49166,17,224,2,25,7,0
851,PhD,Married,65324,0,384,0,102,21,32
853,PhD,Together,30843,43,24,0,2,0,0
854,PhD,Married,46374,1,408,0,21,0,0
855,Graduation,Single,60474,25,265,199,303,234,9
856,Master,Married,38576,2,34,0,7,0,0
857,Graduation,Married,55357,66,374,64,116,84,25
858,Graduation,Together,37758,49,27,2,10,0,0
860,Graduation,Together,23228,71,13,2,18,6,1
861,Master,Together,44602,35,167,2,89,0,0
862,Graduation,Married,7500,94,0,2,3,4,1
865,PhD,Together,57906,29,243,11,119,10,3
866,Master,Single,43456,0,275,11,68,25,7
867,Master,Single,19485,80,6,0,4,0,0
868,Graduation,Together,53172,54,121,62,90,68,20
869,Graduation,Together,30545,71,4,12,15,19,7
870,PhD,Together,70123,27,1308,0,396,23,0
871,Graduation,Single,62450,61,515,47,267,62,66
872,Graduation,Together,21675,55,4,0,16,17,4
874,Master,Together,61346,34,562,58,168,43,16
875,Graduation,Together,80812,95,769,22,500,210,143
876,Master,Divorced,42835,64,379,4,93,12,9
877,Graduation,Married,39922,30,29,12,59,19,1
878,Master,Single,86424,12,387,68,569,89,45
880,Graduation,Single,24762,16,6,10,12,3,15
881,Graduation,Married,35797,16,27,1,14,4,1
882,Graduation,Divorced,36627,78,9,1,5,0,0
884,PhD,Single,86857,96,899,102,838,133,102
885,PhD,Together,82072,67,889,55,685,168,92
886,PhD,Single,46231,87,189,2,55,0,5
887,Graduation,Married,42243,34,48,0,2,0,0
888,Graduation,Together,51195,46,230,14,156,82,24
889,Master,Single,68092,7,852,60,207,78,36
890,Graduation,Married,31814,73,35,3,20,4,1
891,Master,Widow,51390,54,205,20,47,23,2
892,Graduation,Married,76630,93,255,31,446,40,56
893,Basic,Single,26868,52,0,0,1,8,3
894,PhD,Divorced,48948,53,437,8,206,160,49
895,PhD,Single,55260,81,825,8,53,11,0
896,Graduation,Together,64090,8,316,58,161,76,51
897,Graduation,Divorced,78331,97,756,138,354,160,169
898,PhD,Married,37087,50,194,55,134,15,0
899,Graduation,Divorced,21846,38,7,17,18,6,10
900,Graduation,Married,81320,61,183,33,493,59,103
901,Graduation,Divorced,54137,46,171,0,11,0,1
902,Graduation,Together,66825,73,243,101,405,29,40
903,Graduation,Together,57100,19,181,21,69,39,3
904,Graduation,Together,58917,10,151,7,89,0,7
905,Graduation,Single,85072,94,494,92,391,194,11
906,Graduation,Single,86429,10,464,28,873,29,18
907,Graduation,Widow,45684,37,5,1,5,10,0
908,Graduation,Together,47889,94,29,0,29,0,5
909,PhD,Married,45921,23,102,9,49,24,3
910,PhD,Single,78420,75,604,28,674,91,28
911,Graduation,Together,75114,40,571,12,523,63,60
912,PhD,Widow,52278,24,953,0,71,0,0
913,Master,Married,35641,11,63,3,67,8,9
914,Graduation,Single,95529,29,770,29,890,250,27
915,Graduation,Married,62820,51,398,61,265,138,61
916,Master,Together,73113,86,741,19,154,50,9
917,PhD,Married,84169,9,1478,19,403,0,19
919,PhD,Single,74637,73,960,64,464,146,0
920,PhD,Together,46015,25,38,0,2,0,0
921,Graduation,Single,72354,67,315,26,473,220,12
922,Master,Single,39858,67,15,20,25,2,7
923,PhD,Married,34469,58,19,6,20,0,5
924,Graduation,Together,83033,82,812,99,431,237,149
925,Master,Together,24401,98,73,28,217,10,24
926,Graduation,Married,77583,93,372,23,384,250,12
928,Graduation,Single,74293,66,375,152,335,93,91
929,PhD,Married,68397,6,760,80,466,17,13
930,PhD,Together,79632,42,471,0,510,99,21
931,Graduation,Single,46107,78,31,9,27,16,9
932,PhD,Single,64950,29,819,0,72,12,0
933,Basic,Married,25443,82,1,4,3,8,9
934,Graduation,Single,75127,92,203,35,305,46,17
935,PhD,Together,32892,78,26,0,15,2,1
936,Graduation,Together,71796,54,354,21,311,167,75
937,PhD,Married,67536,45,1253,0,447,23,71
938,Graduation,Single,55239,59,371,17,238,23,24
939,PhD,Divorced,60554,8,588,7,76,110,15
941,PhD,Together,56067,51,517,12,54,16,6
942,Graduation,Divorced,82025,76,267,98,606,48,70
943,Graduation,Together,94384,62,1111,24,790,160,45
944,Basic,Single,14906,86,7,7,14,7,16
945,PhD,Married,51563,60,1166,0,48,0,0
947,Graduation,Divorced,68274,83,135,25,51,23,25
948,Graduation,Together,39771,92,6,2,18,2,8
950,PhD,Together,27922,80,11,0,13,2,4
951,PhD,Together,52190,39,42,0,17,0,0
952,Master,Divorced,44051,20,79,7,58,6,3
953,PhD,Single,42767,53,20,6,43,19,5
954,Master,Together,46106,84,30,0,8,2,0
955,PhD,Married,16927,50,20,2,23,3,1
956,Graduation,Married,59754,96,115,27,44,4,146
957,Graduation,Single,53700,94,263,5,233,69,41
958,Graduation,Married,59041,25,69,2,15,2,2
959,PhD,Divorced,54237,48,267,3,30,4,0
960,Graduation,Divorced,70647,65,561,85,171,25,123
961,PhD,Single,52597,69,492,0,37,7,0
962,Master,Together,41021,12,14,7,9,6,16
963,PhD,Married,40233,84,80,4,46,0,17
964,Graduation,Married,50183,47,97,12,84,13,10
965,Graduation,Together,54753,87,197,107,227,7,59
966,Graduation,Married,92955,35,693,21,925,31,24
967,Graduation,Married,33471,47,43,2,27,0,9
968,PhD,Married,34596,48,14,0,2,0,0
969,Graduation,Together,44010,46,186,36,234,86,72
970,Graduation,Married,84219,27,434,137,400,45,137
971,PhD,Together,40706,37,59,0,11,4,2
974,Master,Together,80573,85,829,138,430,60,92
975,Graduation,Married,83715,2,318,8,407,150,35
976,Master,Together,82576,66,1206,55,445,168,18
977,Master,Married,56962,60,292,3,77,10,3
978,Graduation,Married,35704,54,30,9,12,2,11
979,Graduation,Together,53103,70,729,17,133,11,0
981,Graduation,Divorced,4861,20,2,1,1,1,0
982,Master,Divorced,33462,78,22,3,18,0,0
983,Graduation,Divorced,63693,63,587,43,337,42,87
984,Graduation,Married,80763,17,674,168,108,192,42
985,PhD,Married,65352,43,284,3,84,4,7
986,PhD,Married,82170,13,1023,93,651,49,55
987,Graduation,Married,75759,46,1394,22,708,89,91
989,PhD,Widow,35340,1,27,0,12,0,1
990,Graduation,Divorced,85683,6,1296,17,311,45,69
992,Master,Together,42021,34,393,5,136,7,5
993,Graduation,Single,64449,70,218,63,282,137,35
994,Graduation,Divorced,64587,49,66,0,16,0,6
995,Graduation,Single,34824,65,4,2,11,2,0
996,Graduation,Together,75437,25,795,0,545,95,58
997,Graduation,Together,26091,84,15,10,19,8,17
998,Graduation,Married,52845,7,384,25,292,130,41
999,Graduation,Divorced,46086,34,244,8,32,7,2
1000,PhD,Widow,78028,38,158,19,288,25,0
1001,PhD,Single,95169,1,1285,21,449,106,20
1003,Graduation,Together,22434,25,4,12,11,3,13
1004,PhD,Married,36930,50,223,2,31,0,2
1005,Graduation,Single,36130,46,157,43,127,68,56
1006,Master,Married,65569,96,397,46,288,20,38
1007,Graduation,Together,83844,57,901,31,345,75,31
1008,Graduation,Married,19514,47,14,3,21,2,1
1009,PhD,Single,36736,52,10,0,3,0,0
1010,Graduation,Together,77568,30,1230,0,396,232,178
1011,PhD,Together,49187,63,81,1,31,2,1
1012,Graduation,Single,30168,51,154,20,66,0,12
1013,Master,Together,34053,14,63,0,21,7,0
1014,Master,Married,38196,20,30,0,11,0,0
1015,Master,Married,59412,56,90,67,165,30,43
1017,Graduation,Together,54165,72,127,4,73,15,6
1018,Graduation,Married,32300,1,13,3,6,6,5
1019,Graduation,Single,20180,27,18,42,24,15,20
1020,Graduation,Married,34961,77,45,2,26,4,1
1021,PhD,Together,28440,87,38,1,24,0,0
1022,PhD,Together,64504,81,986,36,168,16,0
1023,Master,Together,33564,51,61,0,3,0,0
1024,Graduation,Married,17345,79,4,9,16,17,0
1025,PhD,Married,56320,11,201,53,172,116,77
1026,Graduation,Single,28647,54,19,8,29,0,12
1027,Basic,Single,15038,93,4,8,11,19,12
1028,PhD,Divorced,32173,0,18,0,2,0,0
1030,Graduation,Together,74538,21,380,98,733,110,112
1031,Graduation,Single,91700,58,576,172,961,125,115
1032,Graduation,Together,68695,3,458,81,356,106,50
1034,Graduation,Married,79593,70,350,60,568,110,133
1035,Graduation,Single,28071,65,39,33,130,41,26
1036,PhD,Together,37334,44,26,1,16,2,2
1037,Master,Single,46423,6,68,0,16,0,0
1038,PhD,Married,37126,9,45,3,9,4,4
1039,Graduation,Married,47703,95,359,0,134,13,26
1040,Graduation,Married,61180,70,403,24,29,6,24
1041,Graduation,Married,38998,92,34,1,14,0,0
1042,Graduation,Single,8028,62,73,18,66,7,12
1043,Graduation,Together,76081,85,292,30,415,63,33
1044,Graduation,Together,34728,2,14,0,16,0,0
1045,Master,Single,33168,0,80,1,37,0,1
1046,Master,Married,33585,91,30,11,33,13,6
1047,PhD,Married,77037,3,463,96,333,168,53
1048,Graduation,Together,35196,68,75,12,141,43,39
1049,Graduation,Married,44529,98,538,13,91,17,6
1051,PhD,Together,28764,16,8,0,3,0,0
1052,PhD,Married,69098,82,1315,22,780,145,0
1054,Master,Married,27100,64,12,0,13,2,0
1055,Graduation,Single,70596,68,347,44,534,17,0
1056,Graduation,Married,42557,98,192,5,53,0,5
1057,PhD,Married,53312,32,241,0,12,0,0
1058,Graduation,Single,72228,87,631,28,491,30,14
1059,Graduation,Together,67605,84,336,28,282,184,54
1060,Master,Married,62845,3,1099,0,45,0,0
1061,Graduation,Together,65196,34,743,19,181,12,0
1062,PhD,Single,42000,23,124,83,267,85,59
1063,PhD,Divorced,35860,37,15,0,8,4,2
1064,PhD,Married,65526,22,397,19,69,12,0
1065,Graduation,Married,16860,19,10,4,4,3,3
1066,Graduation,Single,83528,7,530,117,678,134,44
1068,Graduation,Divorced,22304,91,3,2,7,0,4
1069,Graduation,Married,67023,93,444,44,382,11,8
1070,PhD,Together,32892,78,26,0,15,2,1
1071,Graduation,Together,70713,23,736,114,279,82,76
1072,Graduation,Together,59925,83,473,21,176,19,21
1073,Graduation,Married,39722,92,32,0,5,2,0
1074,Graduation,Together,46610,4,288,10,30,4,10
1075,Graduation,Together,88347,32,1050,178,555,77,138
1076,PhD,Married,87171,27,1001,44,107,58,44
1078,Master,Single,50014,9,234,14,77,19,10
1079,PhD,Married,41014,65,7,2,6,2,0
1080,Graduation,Single,66294,68,251,108,334,65,92
1081,Graduation,Married,36715,16,172,10,125,21,13
1082,Graduation,Married,79456,12,565,42,548,64,83
1083,Graduation,Together,40479,95,5,0,8,2,0
1084,Master,Single,75345,16,918,57,842,99,38
1085,Graduation,Married,54233,46,652,8,158,21,0
1086,Graduation,Single,24163,3,4,1,7,2,1
1087,PhD,Together,84460,80,152,27,103,106,54
1088,Graduation,Together,43776,77,8,0,9,2,1
1089,PhD,Single,71691,0,336,130,411,240,32
1090,PhD,Married,85844,62,938,19,843,25,95
1091,PhD,Single,39190,91,68,8,18,19,8
1092,Graduation,Together,71367,24,227,23,389,42,21
1093,PhD,Single,38578,2,38,4,22,3,3
1094,PhD,Married,57236,22,105,0,9,2,1
1095,Graduation,Single,61825,56,162,50,100,55,30
1096,Graduation,Divorced,79803,54,574,8,216,21,16
1098,Master,Together,27590,38,6,0,5,0,0
1099,Graduation,Married,56775,62,614,35,160,58,35
1100,Graduation,Divorced,83829,78,897,161,430,186,161
1102,Graduation,Married,38508,95,120,19,206,25,19
1103,Graduation,Together,53187,66,211,2,30,7,7
1104,Graduation,Married,30023,28,11,0,16,7,6
1105,PhD,Single,76045,78,760,53,400,17,93
1106,PhD,Married,50870,13,53,0,8,0,0
1109,Graduation,Married,66480,71,199,9,57,20,21
1110,Graduation,Divorced,76773,79,516,56,449,86,33
1112,PhD,Single,54466,78,12,0,4,0,0
1113,Master,Single,98777,23,1000,19,711,125,115
1114,PhD,Single,16269,75,19,3,18,3,1
1115,Graduation,Together,71819,70,1224,28,140,0,14
1116,PhD,Married,33569,10,16,2,18,3,0
1117,Master,Married,36262,24,88,39,54,64,28
1118,Basic,Together,22634,47,2,23,11,8,6
1120,Graduation,Single,70566,4,381,28,215,84,28
1121,PhD,Married,31605,15,74,0,42,2,1
1122,Master,Divorced,52034,67,146,0,93,7,13
1123,Graduation,Single,48526,32,23,17,23,43,20
1124,Graduation,Married,46734,40,110,5,137,26,23
1125,Graduation,Divorced,39552,54,165,3,147,4,24
1126,Graduation,Single,86358,78,957,47,494,82,47
1127,Graduation,Together,46931,94,41,0,17,3,1
1128,Basic,Single,16581,51,1,3,4,2,3
1130,Master,Married,67381,67,815,8,53,11,0
1131,Graduation,Single,25930,87,6,1,2,2,0
1132,Graduation,Married,42693,29,8,4,20,6,3
1133,Graduation,Together,85606,89,717,42,864,219,30
1134,Graduation,Single,72903,74,1067,138,750,0,19
1136,PhD,Married,36778,63,29,4,34,2,4
1137,PhD,Divorced,85696,88,714,76,395,116,0
1138,Master,Divorced,10979,34,8,4,10,2,2
1139,Graduation,Married,49678,81,229,5,56,3,2
1140,Master,Together,56129,65,320,48,133,39,72
1141,Graduation,Married,37155,51,23,0,26,7,15
1143,PhD,Single,33419,76,56,0,12,0,0
1144,Graduation,Widow,63285,84,508,124,249,50,38
1145,Master,Together,21255,56,29,0,25,2,2
1146,Graduation,Together,42162,31,46,7,59,2,4
1147,Graduation,Together,54450,0,454,0,171,8,19
1148,PhD,Married,57744,91,350,3,39,0,0
1149,Graduation,Single,26576,40,10,0,8,0,0
1150,PhD,Widow,57513,59,735,40,183,52,20
1151,Graduation,Together,68142,96,897,126,196,91,112
1152,Graduation,Married,7500,61,5,2,3,3,0
1153,Graduation,Together,83145,14,777,35,731,39,137
1154,Master,Married,54197,16,162,6,37,6,13
1155,PhD,Single,23091,98,35,0,11,0,0
1156,Graduation,Married,46049,11,342,9,112,19,14
1157,Graduation,Together,56715,52,258,105,239,237,172
1158,Graduation,Married,79410,19,658,80,483,123,13
1159,Graduation,Married,57304,61,356,80,329,138,17
1160,Graduation,Married,44375,73,213,5,28,7,7
1161,Graduation,Together,54450,0,454,0,171,8,19
1162,Graduation,Married,59594,74,457,4,29,0,0
1163,Graduation,Together,80685,55,241,45,604,34,26
1164,PhD,Married,40344,48,210,0,6,0,0
1165,Graduation,Married,62710,53,441,35,83,7,29
1167,Graduation,Together,35322,34,28,9,37,12,7
1168,Graduation,Married,77142,54,476,75,162,29,151
1169,Graduation,Single,81657,69,364,40,425,158,60
1170,Basic,Married,14421,81,0,0,2,3,3
1172,PhD,Married,74214,3,863,83,547,86,99
1173,Master,Married,66726,61,349,7,35,0,0
1174,Basic,Together,23724,65,5,23,15,0,18
1175,Master,Married,47353,93,184,2,19,8,8
1176,Master,Married,33444,24,8,0,8,0,0
1177,Graduation,Married,54386,8,277,21,64,62,21
1178,Graduation,Divorced,28510,72,44,5,19,0,4
1179,Master,Single,90638,29,1156,120,915,94,144
1180,Graduation,Together,48070,33,373,14,83,6,9
1181,Graduation,Married,43140,68,134,8,76,6,0
1182,PhD,Divorced,54959,55,1148,0,60,0,0
1183,Basic,Single,15056,76,6,12,3,21,6
1184,Graduation,Single,26954,17,4,1,11,0,0
1185,Graduation,Single,22327,94,5,4,8,2,0
1186,Graduation,Married,44393,86,24,2,20,2,2
1187,PhD,Single,62000,25,899,0,101,0,0
1188,PhD,Together,31497,22,108,1,28,13,1
1190,Master,Divorced,78579,35,816,66,549,216,66
1191,Master,Widow,67369,81,1298,0,70,37,14
1192,Graduation,Divorced,58401,55,10,0,11,17,29
1193,Graduation,Single,62307,94,87,13,34,10,6
1194,Master,Married,43641,50,57,2,51,4,2
1195,Master,Divorced,63841,64,635,15,100,20,7
1197,Master,Married,70091,11,964,34,137,15,0
1198,PhD,Married,78075,72,572,8,259,34,35
1200,Graduation,Married,54809,0,63,6,57,13,13
1201,Graduation,Married,58113,66,221,104,169,102,78
1202,Master,Married,51412,42,140,3,29,4,5
1203,Graduation,Divorced,15287,60,1,2,8,4,3
1204,Master,Together,66636,64,291,10,689,84,10
1205,Master,Married,50965,87,544,13,85,8,6
1206,PhD,Married,84618,96,684,100,801,21,66
1207,Graduation,Married,18351,1,1,12,9,0,14
1208,PhD,Together,40451,54,35,0,4,0,0
1209,Graduation,Together,36317,53,87,3,25,3,2
1210,Graduation,Together,42213,96,309,3,24,4,3
1211,Graduation,Together,65748,58,172,73,93,95,78
1212,Graduation,Together,77044,12,625,38,242,50,34
1213,Graduation,Together,74918,78,972,59,913,25,19
1214,Graduation,Married,56721,64,157,6,39,6,13
1215,Graduation,Single,42160,26,48,9,45,3,15
1216,Graduation,Single,61559,8,279,83,88,32,14
1217,PhD,Together,33629,49,132,0,16,0,0
1218,PhD,Together,68682,56,919,0,505,99,30
1219,Graduation,Single,34377,55,62,0,22,3,1
1220,Basic,Single,8940,25,1,45,3,4,6
1221,Graduation,Married,26228,50,2,6,4,3,1
1223,Graduation,Married,40211,30,51,1,7,2,1
1224,PhD,Widow,33438,81,62,1,16,3,2
1225,PhD,Married,75032,74,952,12,180,47,12
1226,PhD,Single,61284,76,618,15,106,20,7
1227,Graduation,Married,22518,36,11,7,12,2,2
1228,Master,Married,54730,64,318,3,17,4,7
1229,Master,Married,38452,62,56,0,14,0,0
1230,Graduation,Divorced,44421,53,110,5,59,7,1
1231,PhD,Together,38197,86,23,0,11,2,1
1232,Graduation,Divorced,41986,15,27,5,8,8,3
1233,Graduation,Together,28427,67,18,3,19,3,3
1234,PhD,Together,37395,47,18,0,9,0,1
1235,Graduation,Married,64722,47,303,0,280,60,147
1236,Master,Together,55249,81,97,1,19,2,0
1237,Graduation,Together,84906,98,997,15,414,99,30
1238,Graduation,Married,28691,56,5,4,13,8,0
1239,Graduation,Single,44213,48,95,11,35,0,4
1240,Basic,Single,25707,18,1,6,2,3,6
1241,PhD,Married,59062,74,46,1,12,3,0
1242,Graduation,Single,76624,68,411,106,147,54,115
1243,Master,Together,66000,36,244,51,270,101,0
1244,PhD,Together,27683,90,152,9,121,12,12
1245,Graduation,Divorced,1730,65,1,1,3,1,1
1246,Basic,Single,7500,63,10,17,18,8,26
1247,Graduation,Together,40521,82,12,0,5,0,0
1248,PhD,Together,20427,63,5,0,4,0,0
1249,Graduation,Married,65106,55,790,19,133,12,0
1250,PhD,Married,69969,64,882,29,514,38,29
1251,Graduation,Married,67433,51,615,28,259,12,48
1252,PhD,Married,77766,97,1004,59,265,115,59
1253,Graduation,Married,74716,92,133,27,421,13,195
1254,Graduation,Divorced,68118,51,595,23,123,10,23
1255,PhD,Married,55158,72,293,0,87,4,11
1257,Graduation,Married,74190,49,151,81,86,168,91
1258,Graduation,Married,39356,21,15,0,2,0,0
1259,Graduation,Together,76653,91,736,63,946,219,189
1260,PhD,Divorced,35860,37,15,0,8,4,2
1261,PhD,Divorced,90687,98,982,17,672,23,34
1262,Master,Together,73450,85,1142,51,415,90,69
1263,Graduation,Married,31454,40,28,0,11,0,0
1264,Graduation,Single,47139,2,46,0,12,0,2
1265,Graduation,Divorced,83829,78,897,161,430,186,161
1266,PhD,Married,53378,41,489,6,152,8,6
1267,Graduation,Together,19656,94,25,4,9,6,8
1268,PhD,Married,45579,10,145,1,33,2,1
1270,Graduation,Married,55956,22,760,38,104,50,9
1271,Master,Single,64191,30,420,15,186,151,38
1272,Graduation,Single,38808,21,125,17,52,3,19
1273,Master,Married,57183,51,464,5,64,7,0
1274,Master,Divorced,23748,97,6,6,29,12,15
1275,Graduation,Married,66303,56,1090,12,96,16,12
1276,Master,Married,37368,4,3,2,11,2,2
1277,Graduation,Married,40800,77,24,0,27,8,30
1278,Graduation,Divorced,71847,95,737,21,106,55,63
1279,Graduation,Married,46149,36,254,6,71,4,0
1280,Graduation,Together,78687,13,817,185,687,145,55
1282,PhD,Married,37633,49,13,4,20,0,0
1283,Master,Together,39767,18,113,61,204,34,26
1284,Basic,Married,26997,89,7,23,78,133,49
1285,Graduation,Divorced,33986,43,16,2,18,2,1
1286,PhD,Married,57091,82,462,0,24,6,0
1288,Master,Married,83151,80,968,147,842,137,42
1289,Graduation,Married,52531,68,283,112,151,51,72
1290,Graduation,Married,15759,12,1,2,5,6,0
1291,Graduation,Single,22804,75,14,1,7,2,1
1293,PhD,Single,42997,91,4,0,5,0,1
1294,PhD,Single,48918,21,52,0,9,0,0
1295,Master,Together,60033,28,62,1,57,19,11
1296,PhD,Together,34043,97,20,2,14,3,0
1297,Graduation,Together,57811,49,545,7,114,37,21
1298,Graduation,Married,78569,14,558,79,622,207,175
1299,Graduation,Single,7500,5,6,5,4,13,4
1300,Master,Together,157733,37,39,1,9,2,0
1301,Graduation,Together,94384,62,1111,24,790,160,45
1303,Graduation,Divorced,44267,48,183,5,65,3,5
1304,Graduation,Married,71626,94,546,72,376,94,145
1305,Graduation,Together,60894,61,606,7,155,10,0
1306,Graduation,Together,50200,70,266,6,51,8,6
1307,PhD,Married,81051,43,1142,29,249,38,29
1308,Graduation,Married,65169,23,1074,0,69,0,0
1309,Graduation,Together,59868,37,771,51,154,54,10
1310,PhD,Married,65695,50,371,32,189,0,58
1311,Master,Single,64857,78,556,14,717,210,0
1312,Master,Together,45143,74,202,5,74,11,5
1315,PhD,Single,27238,39,37,0,17,0,0
1316,Graduation,Together,47009,89,171,45,73,59,10
1318,Graduation,Married,40321,59,44,4,21,6,0
1319,Graduation,Together,37235,68,20,2,9,4,6
1320,Master,Married,81843,13,779,86,537,34,69
1321,Master,Together,46692,37,170,6,97,24,12
1322,Graduation,Together,77382,36,491,48,231,112,105
1323,Graduation,Single,37774,28,173,8,107,7,2
1324,Basic,Married,18393,2,7,10,13,16,0
1325,Master,Married,72828,17,1205,0,235,19,14
1326,Graduation,Married,24711,86,10,7,25,6,3
1327,PhD,Married,45503,54,97,4,44,6,1
1328,Master,Single,6560,2,67,11,26,4,3
1329,PhD,Together,71604,3,345,53,528,98,75
1330,Graduation,Married,27244,84,6,5,17,3,24
1331,Graduation,Married,48752,8,73,57,100,71,15
1332,Graduation,Married,71434,4,711,36,217,172,96
1333,Graduation,Single,90842,57,774,70,118,182,187
1334,Master,Married,88097,24,163,0,480,0,126
1335,Graduation,Married,51948,51,82,33,54,71,30
1336,Graduation,Together,71853,29,358,108,413,141,97
1337,Master,Married,35876,13,66,2,40,4,3
1338,Graduation,Widow,40049,23,13,6,7,0,3
1339,Graduation,Single,39660,36,139,13,78,20,13
1340,Graduation,Together,50127,88,274,0,21,4,6
1341,Master,Married,43263,2,262,6,61,0,10
1342,Master,Married,62845,3,1099,0,45,0,0
1343,Graduation,Married,18929,15,32,0,8,23,4
1344,Basic,Single,24367,58,2,4,2,0,11
1345,Graduation,Single,33249,11,6,10,21,19,14
1347,PhD,Married,50150,32,135,46,92,65,61
1348,Graduation,Together,62061,12,641,7,84,0,30
1349,PhD,Divorced,85696,88,714,76,395,116,0
1350,PhD,Together,76542,91,794,73,573,0,29
1351,Graduation,Single,70515,12,420,0,452,182,64
1352,Graduation,Together,18227,21,1,2,7,4,3
1353,Graduation,Married,69139,23,86,12,75,33,15
1354,Graduation,Married,69109,10,823,25,459,124,29
1355,Graduation,Single,69627,35,231,161,215,171,30
1356,Graduation,Married,38136,69,8,15,27,0,20
1357,PhD,Single,62159,68,182,17,259,77,70
1358,Graduation,Single,80695,85,557,129,984,193,37
1359,Master,Single,33316,34,79,1,31,4,4
1360,Graduation,Together,58554,55,368,24,68,38,0
1361,Basic,Married,17256,10,6,4,14,8,8
1362,Graduation,Divorced,53034,30,160,15,196,15,11
1365,Master,Single,75154,79,543,10,205,160,143
1366,Graduation,Single,47025,52,254,7,108,20,0
1367,Graduation,Married,37971,97,5,4,10,2,2
1368,Master,Divorced,41335,24,112,19,21,16,14
1369,Graduation,Married,67267,0,134,11,59,15,2
1370,Graduation,Single,57338,96,143,6,52,11,8
1372,Master,Single,35791,94,27,0,5,0,0
1373,PhD,Divorced,50611,98,459,0,24,6,0
1374,PhD,Married,56242,72,689,8,167,11,8
1375,Graduation,Single,48904,1,283,10,38,0,13
1376,Graduation,Single,56243,26,347,0,35,4,3
1377,Graduation,Married,21355,5,5,13,14,0,5
1378,Master,Together,57420,22,280,0,18,0,0
1380,Master,Divorced,46390,56,95,14,64,2,9
1384,Graduation,Married,20895,24,18,3,17,3,0
1385,Graduation,Married,92344,9,992,24,694,51,19
1388,Graduation,Together,44964,35,19,1,17,2,0
1389,Graduation,Together,75507,56,709,93,374,104,80
1390,Master,Married,53761,7,158,0,76,13,7
1391,Graduation,Together,22682,51,10,14,29,4,2
1392,PhD,Together,38887,17,25,1,13,0,0
1394,PhD,Married,29791,21,14,0,6,0,0
1395,Master,Married,63915,2,622,7,115,30,0
1396,Graduation,Divorced,39996,85,11,0,3,0,0
1397,Graduation,Divorced,26759,65,25,3,16,8,5
1398,Master,Divorced,63841,64,635,15,100,20,7
1399,PhD,Married,51039,11,100,64,79,65,0
1400,Graduation,Married,60544,92,201,2,43,3,5
1401,Graduation,Married,65685,54,642,14,49,0,7
1402,Graduation,Married,37716,4,97,1,41,6,2
1403,Graduation,Single,36864,53,204,5,39,17,0
1404,Master,Married,44511,39,513,7,133,46,14
1405,PhD,Married,36947,49,88,3,21,4,1
1406,Master,Together,47352,70,172,12,112,8,0
1407,Master,Married,67087,40,329,35,222,130,35
1408,Graduation,Married,57045,40,296,13,104,11,13
1409,PhD,Divorced,36957,43,100,2,16,2,1
1410,PhD,Married,69389,17,422,7,238,69,46
1411,Graduation,Married,80134,40,1218,16,272,104,0
1412,Master,Married,43142,84,5,1,7,2,1
1413,Graduation,Married,80589,25,507,93,520,242,40
1414,Graduation,Single,34412,62,52,12,50,4,36
1415,Graduation,Single,57537,83,191,56,139,51,8
1416,Basic,Together,22634,47,2,23,11,8,6
1417,Graduation,Together,51315,45,68,28,39,16,30
1418,Graduation,Married,36026,34,20,4,10,6,4
1419,Graduation,Married,24639,3,20,3,16,0,4
1420,PhD,Together,34578,1,7,0,1,0,0
1422,Graduation,Single,63810,45,977,12,253,16,12
1423,PhD,Together,54132,81,30,1,8,0,0
1424,Graduation,Married,18690,77,6,1,7,23,4
1425,Graduation,Married,28164,23,3,18,26,11,8
1426,PhD,Married,34596,48,14,0,2,0,0
1427,PhD,Married,43269,61,10,1,7,0,0
1429,Graduation,Single,31907,75,33,87,64,175,16
1430,Master,Married,27100,64,12,0,13,2,0
1432,Graduation,Married,92533,84,693,21,118,110,147
1433,Graduation,Single,34853,75,9,3,15,2,3
1434,Graduation,Divorced,70844,16,129,26,67,3,67
1436,Graduation,Married,60544,92,201,2,43,3,5
1438,Graduation,Married,42523,96,14,36,11,3,26
1439,Graduation,Married,39922,30,29,12,59,19,1
1440,Graduation,Together,33402,60,26,2,19,10,5
1441,Master,Married,36408,11,9,1,4,3,2
1442,Graduation,Together,21645,75,14,0,23,4,5
1443,Master,Widow,78427,36,972,19,595,180,26
1444,Graduation,Together,82657,71,966,168,672,246,105
1445,Graduation,Married,51876,88,99,27,102,28,48
1447,Graduation,Married,52852,93,714,8,99,11,0
1448,PhD,Together,70038,54,587,54,348,71,54
1450,Graduation,Together,46053,46,56,10,92,19,7
1451,Graduation,Married,77343,28,227,151,573,98,54
1452,Graduation,Single,73892,40,703,102,601,0,58
1453,PhD,Single,40304,82,37,0,17,0,0
1454,PhD,Together,32727,38,167,13,180,86,13
1455,Graduation,Together,68695,3,458,81,356,106,50
1456,Graduation,Divorced,43300,87,91,3,52,2,1
1457,Graduation,Together,26290,49,15,8,16,11,5
1458,Graduation,Single,93790,16,1302,68,731,89,114
1459,PhD,Married,38410,65,153,64,123,116,64
1460,Master,Widow,64866,9,508,5,21,7,5
1461,Graduation,Together,57957,24,290,59,177,77,5
1462,PhD,Together,46015,25,38,0,2,0,0
1463,Graduation,Together,16531,43,2,13,6,7,5
1464,Master,Married,28072,10,30,0,10,2,0
1465,Master,Divorced,49476,29,386,23,95,54,41
1466,Graduation,Married,50725,45,443,10,75,0,10
1467,Graduation,Together,83844,57,901,31,345,75,31
1468,PhD,Married,41145,20,9,0,3,0,0
1469,Graduation,Together,67419,29,846,84,352,91,56
1471,Graduation,Married,34380,68,72,7,58,13,1
1472,Graduation,Single,34704,65,29,0,5,0,1
1473,PhD,Married,94871,99,169,24,553,188,0
1474,Graduation,Married,65148,9,460,35,422,33,12
1475,Graduation,Together,39898,20,69,8,26,12,7
1476,Master,Single,64857,78,556,14,717,210,0
1477,PhD,Married,59892,26,73,0,13,0,1
1478,Master,Single,41020,68,112,1,54,7,7
1479,PhD,Married,57072,79,944,0,60,0,0
1480,Graduation,Single,60474,25,265,199,303,234,9
1481,Graduation,Together,62807,83,526,28,135,10,21
1483,Graduation,Married,19107,49,2,4,9,10,5
1485,Master,Single,70379,84,553,25,142,65,67
1486,Master,Together,79419,96,751,127,687,20,15
1487,PhD,Together,64014,56,406,0,30,0,0
1488,Graduation,Married,76998,85,1449,89,161,69,35
1489,Master,Together,49854,63,123,17,171,39,0
1490,PhD,Married,60585,17,267,42,309,55,42
1491,PhD,Divorced,42873,11,209,0,40,3,2
1492,Graduation,Together,87679,62,1259,172,815,97,148
1493,Graduation,Together,57867,48,344,35,178,15,23
1494,Graduation,Married,35765,86,22,3,30,0,5
1495,Graduation,Married,65492,73,247,161,295,210,85
1496,Graduation,Divorced,32952,36,38,0,12,3,1
1497,PhD,Together,53374,34,896,10,101,13,10
1498,Graduation,Together,71706,16,931,56,253,91,98
1499,Graduation,Married,68487,48,758,12,385,33,89
1500,Master,Together,53253,61,216,9,57,20,9
1502,Graduation,Married,42014,56,244,15,108,4,15
1503,Master,Married,54108,74,539,6,91,8,6
1504,PhD,Single,49667,35,1181,26,120,17,13
1505,Master,Married,63206,65,750,8,125,11,8
1506,Master,Married,57136,48,306,5,109,21,109
1508,PhD,Married,78931,19,331,197,170,58,152
1509,Graduation,Together,53977,21,620,16,165,0,24
1510,Graduation,Married,84219,27,434,137,400,45,137
1511,Master,Single,46098,86,57,0,27,0,0
1512,Graduation,Married,73538,92,811,76,428,99,137
1513,Graduation,Married,79529,1,423,42,706,73,197
1515,Graduation,Single,51766,74,60,51,87,6,20
1516,Graduation,Married,55759,84,675,0,85,10,7
1517,Graduation,Married,33039,4,30,8,12,8,8
1518,Master,Married,37787,50,40,1,40,4,3
1519,Graduation,Single,27242,2,3,17,26,20,1
1520,PhD,Single,87188,73,910,111,724,49,74
1521,Graduation,Together,69930,21,252,98,827,219,70
1522,Graduation,Single,37697,82,34,6,21,11,4
1523,PhD,Married,37401,14,19,3,19,3,1
1524,Graduation,Single,3502,56,2,1,1,0,0
1525,Graduation,Married,58597,20,490,0,184,10,28
1526,PhD,Widow,82032,54,332,194,377,149,125
1527,Graduation,Together,28087,77,53,8,17,13,0
1528,PhD,Single,74004,5,784,48,560,42,176
1529,Graduation,Together,19740,65,7,11,3,10,4
1532,PhD,Married,69283,41,674,62,134,0,26
1533,Master,Single,46098,86,57,0,27,0,0
1536,Graduation,Single,9255,91,9,0,7,2,0
1537,PhD,Widow,67786,0,431,82,441,80,20
1538,PhD,Married,71969,59,1000,0,76,0,0
1539,Master,Single,59235,4,448,40,469,80,0
1540,Graduation,Together,31928,5,33,4,24,4,2
1541,Master,Together,74881,48,505,72,270,36,27
1542,Graduation,Married,65819,99,267,38,701,149,165
1543,PhD,Single,51411,81,14,0,3,0,0
1544,Graduation,Divorced,51983,95,631,0,115,10,7
1545,Master,Together,42386,43,65,4,16,0,4
1547,Graduation,Single,30983,50,51,4,50,12,1
1548,Graduation,Widow,66033,76,293,35,179,46,59
1550,Master,Divorced,57530,68,50,1,27,6,7
1552,Graduation,Married,63943,50,423,184,368,13,97
1553,Graduation,Together,76081,85,292,30,415,63,33
1554,Graduation,Married,67445,63,757,80,217,29,80
1555,Master,Married,37054,89,12,1,6,0,1
1556,Master,Together,47175,81,167,2,44,6,2
1557,Graduation,Divorced,31859,77,3,1,3,8,0
1558,Graduation,Divorced,27215,50,30,5,22,8,9
1559,PhD,Divorced,70179,10,532,88,168,69,44
1560,Graduation,Married,39922,30,29,12,59,19,1
1561,Master,Married,49681,66,411,0,26,0,0
1562,Graduation,Married,24645,16,5,3,4,4,1
1563,Graduation,Divorced,79865,12,71,99,278,185,121
1564,Graduation,Married,44322,30,46,0,40,3,0
1565,Graduation,Single,47958,8,268,11,88,15,3
1566,Master,Single,63972,93,928,63,254,0,12
1567,Graduation,Together,75315,14,459,15,171,142,23
1568,PhD,Married,55517,53,483,0,108,0,6
1569,PhD,Married,75283,26,733,9,180,12,19
1570,PhD,Single,82800,23,1006,22,115,59,68
1571,Graduation,Married,38998,92,34,1,14,0,0
1572,Master,Single,90638,29,1156,120,915,94,144
1573,Master,Married,27161,41,7,4,23,7,0
1574,Graduation,Married,42014,56,244,15,108,4,15
1575,PhD,Together,38201,19,233,0,23,0,0
1576,Graduation,Together,45203,4,35,3,67,10,8
1577,PhD,Together,81574,89,1252,0,465,46,35
1578,Graduation,Married,34935,71,34,4,66,3,10
1579,Master,Single,60482,81,255,43,134,37,14
1580,Graduation,Together,34633,31,8,1,5,0,0
1581,Master,Together,78093,53,368,32,639,13,43
1582,Graduation,Divorced,82460,78,255,47,573,52,32
1583,Master,Together,45903,80,33,8,10,2,10
1584,Graduation,Divorced,81361,18,163,23,424,27,65
1585,PhD,Divorced,35860,37,15,0,8,4,2
1586,Master,Together,40442,52,45,12,52,25,22
1587,Graduation,Married,61482,39,48,58,68,16,66
1588,Graduation,Married,34968,11,158,6,45,8,2
1589,Graduation,Married,75794,33,754,160,625,63,32
1590,PhD,Together,31497,22,108,1,28,13,1
1591,Graduation,Married,74268,83,199,66,315,97,174
1592,Basic,Together,13724,43,2,7,5,2,15
1593,Master,Together,45143,74,202,5,74,11,5
1594,PhD,Single,52569,54,85,0,3,0,0
1595,PhD,Single,48432,3,322,3,50,4,3
1596,Master,Together,17144,96,18,2,19,0,2
1597,Graduation,Single,36108,68,141,8,129,3,11
1598,Graduation,Married,76445,2,739,107,309,140,80
1599,PhD,Married,36663,40,18,0,6,3,3
1600,Master,Married,53843,64,378,0,88,19,4
1601,Master,Married,90226,26,1083,108,649,253,151
1602,Master,Divorced,70638,69,1016,12,215,16,12
1603,Graduation,Together,44512,57,23,1,6,0,0
1604,Graduation,Married,27116,78,12,1,21,2,2
1605,PhD,Married,54072,71,35,0,4,0,0
1606,Graduation,Married,71855,59,548,31,422,0,112
1608,Master,Married,60432,61,365,3,15,4,3
1609,PhD,Married,65526,22,397,19,69,12,0
1610,Graduation,Single,68655,95,456,19,832,75,118
1612,Graduation,Single,64509,19,836,185,575,24,25
1613,Graduation,Single,33955,92,100,2,128,23,7
1614,Graduation,Married,31353,24,10,0,10,3,1
1615,Graduation,Married,55434,21,238,115,215,169,69
1616,Graduation,Together,28359,35,6,0,5,2,1
1617,Graduation,Single,57100,9,158,11,99,15,11
1618,Graduation,Married,69139,23,86,12,75,33,15
1619,Master,Married,52973,92,856,0,76,12,9
1620,PhD,Together,51717,55,98,1,17,0,1
1621,Graduation,Married,18793,14,4,16,20,0,17
1623,Graduation,Single,50664,64,313,8,104,6,4
1624,Graduation,Together,54414,49,109,18,16,24,26
1625,PhD,Married,54549,8,216,2,6,0,0
1626,PhD,Widow,47111,35,595,71,153,120,112
1627,PhD,Divorced,41003,11,123,133,142,71,44
1628,Graduation,Together,19444,8,16,0,23,3,2
1630,PhD,Together,73059,36,410,112,420,0,82
1631,PhD,Together,42731,64,159,2,51,6,2
1632,PhD,Married,52854,43,105,0,10,0,1
1633,Graduation,Together,22775,40,5,1,8,0,0
1634,PhD,Together,46681,52,269,15,69,15,19
1635,PhD,Married,59821,11,629,0,70,0,0
1636,Graduation,Divorced,50002,21,443,5,71,21,16
1637,Graduation,Married,69755,23,217,77,373,111,23
1638,Graduation,Married,44078,17,24,1,10,2,0
1639,Master,Together,30560,6,9,1,5,4,5
1640,Master,Together,35924,56,8,0,14,2,3
1641,PhD,Divorced,64140,71,1459,0,61,0,15
1642,Graduation,Together,56386,51,230,48,214,13,32
1643,Basic,Together,24594,94,1,3,6,10,0
1645,Master,Divorced,39228,1,7,1,6,0,3
1646,Master,Married,58494,56,298,7,68,4,0
1647,Graduation,Single,58684,71,479,35,179,28,7
1648,Graduation,Divorced,57136,18,267,140,599,34,12
1649,PhD,Widow,56551,48,67,4,32,17,2
1650,Graduation,Married,22448,86,3,1,8,23,2
1651,Graduation,Single,82014,48,980,37,265,35,163
1652,Graduation,Widow,34213,2,50,4,28,6,3
1653,Graduation,Together,157146,13,1,0,1725,2,1
1654,PhD,Widow,25358,57,19,0,5,0,0
1655,Master,Single,35544,77,30,5,23,4,1
1656,Master,Together,36634,0,213,9,76,4,3
1657,PhD,Married,62670,57,539,30,92,80,46
1659,Graduation,Single,72066,55,1003,34,536,134,51
1660,PhD,Single,50729,62,239,13,143,45,4
1661,Graduation,Together,34916,89,51,23,82,33,0
1662,Graduation,Divorced,64892,77,527,24,230,32,24
1663,Graduation,Single,43602,45,19,5,12,10,3
1664,PhD,Single,33996,46,40,2,15,8,0
1666,PhD,Married,63246,60,593,30,91,29,22
1667,PhD,Married,36732,71,21,5,3,10,1
1668,PhD,Married,69084,43,1181,107,199,39,30
1669,PhD,Married,77766,97,1004,59,265,115,59
1670,PhD,Single,37929,49,202,2,46,3,2
1671,Graduation,Together,86610,66,446,107,768,33,196
1672,Master,Married,80141,20,1184,102,673,52,40
1674,Graduation,Married,69016,61,726,53,363,123,107
1676,Graduation,Married,27573,45,50,15,110,39,15
1677,Basic,Single,15862,26,1,1,4,11,9
1678,PhD,Married,49544,0,308,0,73,0,0
1679,Graduation,Married,33228,28,22,2,31,7,4
1680,Graduation,Together,70440,49,690,117,499,76,102
1681,Graduation,Together,38232,84,43,5,28,7,6
1682,PhD,Married,22554,38,27,0,10,0,0
1683,PhD,Married,23536,53,6,0,3,0,0
1684,Graduation,Married,49413,88,205,7,41,3,2
1685,Graduation,Married,42231,99,24,0,8,0,1
1686,Master,Divorced,78789,12,667,50,850,21,83
1687,Graduation,Together,56534,35,691,7,61,10,0
1688,Graduation,Single,58350,5,493,26,206,116,80
1689,Graduation,Single,81217,77,493,70,324,146,40
1690,Graduation,Single,49090,45,494,5,82,7,0
1691,Master,Divorced,61787,71,621,73,414,78,48
1692,PhD,Married,18169,40,9,0,5,0,0
1694,Graduation,Married,18222,70,12,4,19,12,6
1695,Graduation,Divorced,62335,87,243,131,217,85,6
1697,PhD,Married,86580,72,532,21,127,26,20
1698,PhD,Divorced,41437,5,29,0,2,0,0
1699,Master,Widow,73705,86,612,91,520,258,107
1700,Graduation,Married,61064,80,387,126,342,0,45
1701,Master,Married,38452,62,56,0,14,0,0
1702,Graduation,Single,18358,49,6,8,19,16,4
1703,PhD,Together,55012,85,582,0,65,0,0
1704,Basic,Together,9722,7,6,17,16,6,16
1705,PhD,Married,38175,6,70,6,69,2,3
1706,Master,Together,58656,25,962,12,194,16,24
1707,Graduation,Together,52117,55,112,10,107,30,0
1708,Graduation,Married,64813,81,293,0,124,179,97
1709,PhD,Married,54222,98,199,12,31,3,12
1710,Graduation,Married,83512,31,1060,61,835,80,20
1711,Master,Married,77520,30,940,44,396,0,88
1712,Graduation,Together,41154,98,44,2,11,2,3
1713,Graduation,Married,80398,92,342,51,936,207,35
1714,Basic,Single,18746,41,2,10,11,12,9
1715,Graduation,Together,35196,68,75,12,141,43,39
1716,Graduation,Single,60230,78,520,20,367,39,81
1717,Graduation,Married,22108,46,5,3,9,6,2
1718,Graduation,Together,44392,71,87,5,71,7,12
1719,PhD,Married,55424,6,462,61,184,10,53
1720,Graduation,Married,17688,82,2,2,1,3,1
1721,PhD,Married,92491,71,979,44,935,29,25
1722,Graduation,Single,90273,32,704,129,853,120,74
1723,PhD,Widow,82571,28,861,31,558,62,95
1724,PhD,Single,38513,20,172,3,115,16,0
1725,Master,Single,16653,10,5,7,31,15,4
1726,Graduation,Together,42586,7,194,2,56,0,0
1727,Basic,Single,23529,67,9,7,13,3,2
1728,Master,Together,74881,48,505,72,270,36,27
1729,Graduation,Married,71107,61,533,10,217,198,174
1730,PhD,Together,46910,36,48,0,14,0,0
1731,Graduation,Married,18690,77,6,1,7,23,4
1732,Graduation,Divorced,37244,90,18,2,10,0,0
1733,Graduation,Together,82427,35,482,147,509,104,107
1735,Graduation,Divorced,70044,46,1073,0,250,153,14
1736,Graduation,Single,79146,33,245,16,223,21,43
1737,Graduation,Married,77437,70,560,21,442,29,44
1738,Graduation,Married,54984,51,173,13,131,32,3
1739,PhD,Married,42403,18,22,1,11,0,5
1740,Graduation,Together,55761,97,136,1,12,0,3
1741,Graduation,Together,37292,32,275,0,86,10,23
1742,PhD,Single,45576,9,56,19,29,2,14
1743,Graduation,Together,70321,6,303,23,751,82,26
1744,PhD,Divorced,58086,80,708,7,62,0,0
1745,Graduation,Married,81795,74,324,132,693,27,118
1746,Basic,Together,28389,49,1,5,3,7,4
1747,Master,Married,66835,21,620,26,195,34,17
1748,Graduation,Divorced,69901,95,312,21,206,102,92
1749,PhD,Married,80360,56,1493,86,454,112,43
1750,PhD,Together,63342,48,918,21,118,13,10
1751,Graduation,Married,44989,26,98,0,106,49,10
1753,PhD,Widow,51569,39,380,0,47,6,0
1754,Graduation,Widow,30372,33,15,0,12,7,3
1755,Basic,Single,16014,42,3,9,4,7,8
1756,Graduation,Married,41120,80,24,2,23,0,8
1757,Master,Single,39763,9,80,1,60,4,6
1758,PhD,Married,38725,52,31,0,6,2,1
1759,Graduation,Married,77981,78,138,120,204,16,126
1762,Graduation,Together,59481,47,178,3,85,71,66
1763,Graduation,Married,72117,34,707,20,171,65,60
1765,Graduation,Married,67131,72,465,71,250,93,35
1766,PhD,Single,36802,23,16,1,2,0,0
1767,Graduation,Together,71853,29,358,108,413,141,97
1768,Basic,Married,28249,80,1,9,7,2,14
1769,Master,Married,47808,30,123,1,26,2,0
1770,PhD,Divorced,25509,15,40,3,30,10,7
1771,PhD,Married,51012,86,102,9,63,2,9
1772,Graduation,Single,70596,68,347,44,534,17,0
1773,PhD,Together,85431,54,376,53,462,168,53
1774,Graduation,Married,42664,44,21,0,3,0,0
1775,Graduation,Together,42586,7,194,2,56,0,0
1776,Graduation,Single,29760,87,64,4,68,7,5
1777,PhD,Married,28973,59,206,0,46,3,2
1778,PhD,Together,39435,16,71,0,18,0,0
1780,Basic,Single,20194,64,0,4,7,11,10
1781,PhD,Single,42473,72,93,1,21,0,4
1782,Graduation,Married,64590,98,920,138,168,36,46
1783,Graduation,Together,71232,91,653,17,170,34,26
1784,Graduation,Together,34600,8,199,33,60,8,3
1785,Graduation,Single,46904,20,153,4,56,0,9
1786,Graduation,Married,49094,6,376,0,38,11,8
1787,Graduation,Together,36075,54,46,0,30,12,1
1789,Graduation,Together,77298,46,425,115,292,23,35
1790,Graduation,Together,34026,11,18,6,15,12,8
1791,PhD,Single,48918,21,52,0,9,0,0
1793,Graduation,Single,37697,82,34,6,21,11,4
1794,Graduation,Together,34074,69,135,1,41,10,1
1795,Master,Married,28520,55,11,0,10,0,2
1796,Graduation,Single,62535,13,163,48,90,0,45
1797,Master,Single,36273,80,29,3,30,3,2
1798,Graduation,Together,63404,97,734,26,70,11,44
1800,Graduation,Together,78416,99,453,38,279,188,38
1801,Graduation,Together,75702,87,1073,0,629,145,37
1802,Master,Together,59385,85,135,0,10,0,4
1803,Graduation,Single,37070,30,231,7,137,4,15
1804,Graduation,Married,44689,82,18,0,5,0,0
1805,Graduation,Together,53977,21,620,16,165,0,24
1806,PhD,Single,7144,92,81,4,33,5,2
1807,Graduation,Single,18701,95,12,4,2,10,6
1808,Graduation,Married,90369,2,292,51,981,224,23
1809,PhD,Single,63159,74,965,34,586,89,86
1810,Graduation,Together,37758,49,27,2,10,0,0
1811,PhD,Single,46757,71,777,30,163,0,51
1812,Master,Married,79734,72,572,8,232,23,62
1813,Graduation,Together,63207,68,438,169,565,91,169
1814,Graduation,Divorced,72071,4,531,69,300,150,138
1815,PhD,Together,21840,80,17,0,9,0,0
1817,Graduation,Single,72282,70,503,27,419,90,139
1818,Graduation,Married,50387,91,369,9,87,12,14
1819,PhD,Together,32583,10,5,0,3,0,0
1820,Graduation,Together,62568,99,362,17,398,80,35
1821,Master,Divorced,44635,25,56,0,9,0,0
1822,Master,Single,33316,34,79,1,31,4,4
1823,Graduation,Married,63967,57,387,84,141,73,35
1825,Graduation,Married,25293,51,15,0,11,0,2
1826,PhD,Widow,54111,97,267,6,54,8,3
1827,Graduation,Together,78394,13,298,27,697,216,24
1828,Master,Married,80739,92,674,92,736,39,0
1829,Master,Together,22669,30,16,14,36,37,22
1830,Graduation,Single,29236,30,37,4,24,16,9
1831,Graduation,Together,44911,11,159,0,22,2,1
1832,PhD,Married,54693,72,686,17,142,23,26
1833,Graduation,Together,48186,39,97,3,66,12,7
1834,Graduation,Married,54809,0,63,6,57,13,13
1835,Graduation,Together,41580,15,56,5,24,4,0
1836,PhD,Married,80336,12,209,19,456,160,142
1837,Graduation,Married,47743,56,198,2,43,0,12
1839,PhD,Divorced,57333,55,941,14,397,76,58
1840,PhD,Together,32313,60,86,4,56,2,4
1841,Master,Widow,84953,73,167,48,602,63,72
1842,Master,Divorced,27071,90,8,3,19,0,2
1843,Master,Together,68148,86,389,66,408,37,57
1844,Master,Together,65735,37,239,7,119,4,15
1845,PhD,Married,86836,7,179,21,273,0,21
1846,PhD,Married,4023,29,5,0,1,1,1
1847,Graduation,Married,30093,19,2,6,28,13,4
1848,PhD,Married,57705,14,383,0,53,6,4
1849,Graduation,Single,25008,72,2,8,8,6,1
1851,Graduation,Together,22280,85,2,1,4,3,1
1852,PhD,Married,72159,62,322,53,899,34,40
1853,Graduation,Together,64260,1,539,169,816,20,0
1854,PhD,Single,82733,28,712,50,420,65,38
1855,Master,Divorced,74290,70,1121,0,72,0,12
1856,Master,Single,58217,84,68,1,13,3,5
1857,Master,Together,21024,89,36,4,18,6,2
1858,PhD,Married,70116,73,707,44,603,95,58
1859,Graduation,Together,54006,42,174,77,203,6,24
1860,PhD,Married,69063,16,666,35,124,69,8
1862,Graduation,Single,61825,56,162,50,100,55,30
1863,Graduation,Married,70886,65,407,70,239,103,88
1864,Graduation,Married,69109,10,823,25,459,124,29
1865,Graduation,Widow,60208,13,488,23,71,15,0
1866,Master,Together,32889,78,28,0,13,4,2
1867,Graduation,Single,34738,51,3,2,10,3,0
1868,Master,Together,30538,27,284,0,52,8,3
1870,PhD,Divorced,26642,71,13,2,15,2,2
1871,Graduation,Divorced,69932,97,412,172,153,150,105
1872,Graduation,Single,44503,83,31,1,8,0,0
1873,PhD,Single,60200,3,502,19,132,0,6
1874,Graduation,Divorced,49638,71,18,10,3,3,5
1876,Master,Widow,33051,15,100,71,243,108,94
1877,Graduation,Married,72905,52,407,114,445,181,165
1878,PhD,Together,69702,8,664,9,240,50,19
1879,Graduation,Divorced,70300,89,1045,61,338,60,46
1880,PhD,Married,70643,66,1218,107,304,23,143
1881,PhD,Married,30396,22,15,0,6,0,1
1882,PhD,Divorced,50616,56,128,0,16,0,1
1883,Master,Single,62772,74,581,49,157,43,8
1884,PhD,Single,30298,48,6,3,12,6,1
1885,Graduation,Single,52413,67,185,8,133,56,56
1886,PhD,Married,44155,24,22,1,9,0,0
1887,PhD,Divorced,86979,67,584,100,835,65,83
1888,Graduation,Together,76532,38,355,30,177,90,138
1889,Graduation,Married,42081,86,175,10,110,54,6
1890,PhD,Married,67546,90,864,134,768,150,38
1891,Master,Together,88420,87,957,153,612,99,95
1892,Graduation,Married,31158,62,25,6,16,20,0
1893,Graduation,Divorced,61671,23,641,7,56,0,0
1894,Graduation,Single,69719,99,273,86,208,177,14
1895,Graduation,Divorced,49160,29,122,21,43,25,10
1896,Basic,Together,24882,52,1,4,10,29,0
1897,PhD,Single,90933,90,1020,31,430,62,63
1898,PhD,Single,113734,9,6,2,3,1,262
1899,PhD,Together,59292,71,378,14,68,19,14
1900,PhD,Married,45759,13,42,1,18,3,0
1901,Graduation,Single,22148,16,15,5,14,0,4
1902,Master,Married,73395,94,272,7,80,20,7
1903,Graduation,Divorced,29819,77,9,1,24,2,1
1904,Graduation,Married,45688,20,279,0,18,0,0
1905,Graduation,Married,62820,51,398,61,265,138,61
1906,PhD,Married,60491,81,637,47,237,12,19
1907,Graduation,Together,33235,71,45,0,16,2,1
1908,Graduation,Married,35701,36,21,1,9,7,3
1909,Master,Married,31535,95,15,4,13,0,0
1911,Graduation,Single,67384,32,957,40,175,158,53
1912,Master,Together,80573,85,829,138,430,60,92
1913,Graduation,Married,77870,93,1017,50,500,65,50
1914,PhD,Widow,52278,24,953,0,71,0,0
1915,Graduation,Single,57107,44,159,0,120,0,0
1916,Graduation,Married,18929,15,32,0,8,23,4
1917,PhD,Single,36038,82,23,0,15,0,2
1918,Graduation,Single,20180,27,18,42,24,15,20
1919,PhD,Together,34230,72,15,0,4,0,0
1922,Graduation,Single,91249,84,1324,27,119,71,108
1923,Master,Single,77598,53,1193,33,281,129,66
1924,Graduation,Single,80982,48,505,137,401,104,22
1925,Master,Married,22701,2,2,4,9,0,4
1926,PhD,Married,55212,65,1103,0,45,0,0
1927,Graduation,Married,70617,45,353,61,753,40,46
1928,Graduation,Single,64849,42,652,48,350,94,84
1929,Master,Married,62694,29,379,6,157,25,91
1930,PhD,Married,61917,83,46,4,36,2,2
1931,PhD,Married,67472,93,162,31,127,8,17
1932,Master,Married,21059,40,8,3,19,3,3
1933,Master,Married,29543,47,17,3,18,3,4
1934,Graduation,Married,75903,50,340,108,185,130,38
1936,PhD,Single,54998,3,154,22,202,39,30
1937,PhD,Widow,54356,62,710,15,30,20,0
1938,Master,Married,34242,25,8,2,4,0,0
1939,Graduation,Married,25410,48,2,2,4,13,13
1940,PhD,Married,73356,56,1050,14,322,0,14
1941,Graduation,Together,28320,68,19,1,14,3,2
1942,Graduation,Single,23763,64,22,0,6,6,2
1943,Graduation,Married,72570,67,274,83,216,151,141
1944,Master,Married,34529,94,68,6,38,3,6
1945,Graduation,Widow,70792,82,344,45,654,104,11
1946,Graduation,Married,63211,3,145,193,459,205,26
1947,Master,Married,83891,24,217,38,350,111,85
1948,Graduation,Single,36065,54,18,7,34,10,2
1949,Graduation,Together,39898,20,69,8,26,12,7
1950,PhD,Single,51141,96,144,0,7,0,0
1951,Graduation,Married,56939,19,256,34,103,90,29
1952,Graduation,Single,80872,60,483,72,567,94,12
1953,PhD,Together,72335,2,1285,105,653,28,21
1954,PhD,Single,61798,13,338,4,89,11,8
1955,PhD,Widow,76842,37,605,10,345,84,54
1956,Graduation,Together,29478,59,8,0,7,3,1
1957,Graduation,Single,46998,55,172,41,86,45,6
1958,Graduation,Single,96843,60,448,71,951,40,17
1959,PhD,Widow,56551,48,67,4,32,17,2
1960,Master,Married,70053,38,512,53,98,81,179
1961,PhD,Widow,71670,8,1462,16,128,0,0
1962,Graduation,Married,44359,19,20,0,14,7,3
1963,Graduation,Single,40887,32,50,4,44,10,10
1964,Graduation,Divorced,48877,27,102,1,15,2,0
1965,Graduation,Together,74485,58,499,149,815,173,49
1966,Graduation,Together,64474,59,381,35,172,56,86
1967,Graduation,Together,77226,29,631,43,239,128,76
1968,Graduation,Widow,72643,60,526,80,553,123,94
1969,Master,Together,85738,41,913,26,376,17,26
1970,Graduation,Divorced,55686,27,673,0,199,37,47
1971,Graduation,Single,39062,28,23,0,9,0,0
1972,Graduation,Together,34600,8,199,33,60,8,3
1973,Graduation,Married,40794,18,261,23,73,4,23
1975,Graduation,Married,4428,0,16,4,12,2,4
1977,PhD,Single,38236,2,58,0,18,2,0
1978,Graduation,Married,36781,16,29,1,17,0,3
1979,Master,Single,31385,56,3,2,12,0,1
1980,Graduation,Married,24570,97,28,34,62,11,14
1981,PhD,Divorced,25509,15,40,3,30,10,7
1982,Graduation,Married,94642,35,879,143,797,106,143
1983,Master,Married,58646,3,62,1,44,6,5
1984,Graduation,Single,53201,49,280,7,81,20,0
1985,Graduation,Together,21994,4,9,0,6,3,1
1986,Graduation,Married,57113,45,182,4,33,0,2
1987,Graduation,Married,51373,37,83,2,101,64,26
1988,Graduation,Married,23477,39,38,15,54,3,8
1989,Graduation,Married,58116,38,228,19,130,4,11
1990,PhD,Divorced,72968,8,1092,37,592,145,37
1991,Master,Married,39791,89,85,15,27,13,13
1992,Master,Single,91712,47,1276,24,746,94,29
1993,Graduation,Single,94472,75,1017,33,417,108,100
1994,Graduation,Together,13672,86,6,2,9,2,1
1996,Graduation,Married,79205,73,504,23,117,179,28
1997,PhD,Together,56559,46,226,22,133,41,31
1998,PhD,Married,32644,38,239,3,141,0,7
2000,Graduation,Single,24206,66,7,2,8,3,2
2001,PhD,Divorced,28420,36,4,2,5,2,0
2002,Graduation,Married,22979,29,16,17,19,20,21
2003,Graduation,Single,33279,29,10,3,3,0,0
2004,Master,Single,46423,6,68,0,16,0,0
2005,Graduation,Married,30368,97,35,0,13,2,0
2006,Graduation,Married,63684,61,575,80,428,208,93
2007,Graduation,Divorced,41638,68,315,0,31,4,0
2008,PhD,Divorced,68805,73,182,2,49,17,13
2009,PhD,Together,65814,90,561,14,113,10,14
2010,Graduation,Divorced,71964,81,587,51,932,180,34
2011,Graduation,Single,39146,1,94,1,33,13,12
2012,Graduation,Together,96876,79,908,43,735,40,194
2013,Basic,Married,34445,92,228,122,122,208,129
2014,Graduation,Single,68281,31,995,112,417,42,48
2016,Graduation,Married,36790,14,3,3,14,15,21
2017,Graduation,Together,27943,89,12,1,16,4,1
2018,Graduation,Divorced,22263,31,17,0,2,0,0
2019,Graduation,Together,30261,75,8,0,5,0,3
2020,Graduation,Together,28587,42,22,4,17,12,10
2021,Master,Married,43815,53,14,10,29,4,7
2022,Graduation,Married,48195,53,106,27,68,52,7
2023,Master,Married,77027,23,820,57,242,45,0
2024,PhD,Married,71322,57,753,43,226,69,10
2025,Master,Married,32765,49,13,3,17,7,3
2026,Graduation,Together,29672,6,9,1,3,0,4
2027,Graduation,Divorced,23272,29,19,3,6,4,2
2028,Master,Together,49912,5,520,8,223,32,49
2030,PhD,Widow,68117,80,618,44,215,0,17
2031,Graduation,Married,67225,4,315,35,322,46,7
2032,Graduation,Married,17649,70,15,1,23,0,5
2033,Graduation,Together,55914,32,384,60,364,119,101
2034,Graduation,Married,40059,82,110,29,92,28,10
2035,Graduation,Together,60905,27,208,17,76,36,17
2036,Graduation,Married,75330,94,555,82,257,93,61
2037,Graduation,Single,60689,23,240,90,216,63,6
2038,Graduation,Married,38680,97,11,0,36,15,5
2039,Graduation,Together,61416,25,848,154,323,201,61
2040,Graduation,Single,49767,92,202,47,197,55,42
2041,Graduation,Single,83273,98,433,89,650,16,102
2042,Graduation,Married,29009,19,6,6,15,10,5
2043,Master,Married,45057,80,37,0,7,3,0
2044,Graduation,Married,37150,80,167,37,64,49,34
2045,Graduation,Single,43020,79,45,7,99,4,25
2046,Graduation,Married,53154,50,129,0,21,0,1
2047,Graduation,Married,65308,60,713,0,264,120,80
2048,Graduation,Single,76467,44,676,161,426,210,44
2050,Graduation,Married,32871,28,22,2,12,0,2
2051,Graduation,Single,55801,35,367,4,51,6,4
2052,Graduation,Widow,76320,49,526,35,214,69,53
2053,Master,Single,36927,46,51,0,16,0,0
2054,Graduation,Together,48794,97,25,0,11,3,0
2055,Graduation,Single,23478,51,28,6,27,12,17
2056,Graduation,Divorced,71128,80,958,159,447,20,0
2057,PhD,Divorced,70179,10,532,88,168,69,44
2058,Graduation,Married,59462,29,724,17,143,0,8
2060,Graduation,Together,38361,74,39,0,56,20,8
2062,PhD,Together,70038,54,587,54,348,71,54
2063,Graduation,Together,42554,93,29,1,11,0,0
2064,Graduation,Married,67445,63,757,80,217,29,80
2065,Graduation,Widow,67046,92,544,35,133,23,151
2066,Graduation,Married,42192,40,40,15,15,17,6
2067,PhD,Married,77610,70,1245,33,332,21,33
2068,Graduation,Married,31761,96,19,1,20,16,14
2069,Graduation,Together,34350,81,16,3,15,2,1
2070,Graduation,Together,54591,63,376,4,94,12,9
2071,Graduation,Married,71866,85,184,178,178,103,39
2072,Graduation,Married,25293,51,15,0,11,0,2
2073,PhD,Single,42000,23,124,83,267,85,59
2074,Graduation,Married,69520,95,627,120,414,121,80
2075,Graduation,Divorced,64713,11,180,60,241,13,54
2076,Master,Married,27889,42,14,0,4,0,0
2077,Basic,Widow,22123,77,3,3,24,34,7
2080,Graduation,Married,27803,40,8,26,46,38,9
2082,Graduation,Married,51651,32,293,6,23,13,6
2083,Graduation,Married,68487,48,758,12,385,33,89
2085,Graduation,Married,56796,24,656,38,161,62,47
2087,Graduation,Married,79823,6,835,73,380,114,73
2088,Graduation,Single,30828,16,16,11,15,2,0
2089,Master,Married,34109,39,9,1,5,2,1
2090,Master,Divorced,53367,2,229,7,140,10,3
2091,Basic,Together,22390,49,0,1,4,15,1
2092,Graduation,Together,71322,31,121,24,124,24,15
2093,Graduation,Absurd,79244,58,471,102,125,212,61
2094,Master,Together,49912,5,520,8,223,32,49
2095,PhD,Married,48699,90,26,1,10,2,0
2096,Graduation,Together,80144,47,240,132,445,250,192
2097,Graduation,Single,54252,25,178,4,26,8,4
2098,Master,Married,81929,60,1486,55,278,49,0
2099,Graduation,Married,76068,67,1115,12,128,33,12
2100,Master,Married,53204,40,29,0,8,2,0
2101,PhD,Together,67911,63,529,0,356,63,28
2103,PhD,Married,78128,89,934,24,230,16,24
2104,Basic,Married,14188,40,2,7,11,16,12
2105,Basic,Married,20425,5,4,12,5,3,16
2106,Master,Married,58646,3,62,1,44,6,5
2107,Graduation,Divorced,72967,1,158,35,179,0,0
2108,Master,Married,48150,24,173,2,39,3,2
2109,Graduation,Single,82332,89,830,59,968,51,79
2110,Graduation,Widow,58275,48,189,10,253,56,43
2111,PhD,Together,44953,31,728,17,133,11,8
2112,Graduation,Together,34587,68,7,2,9,2,0
2113,Master,Together,43018,46,35,4,17,7,6
2114,Master,Married,45736,92,188,3,180,20,3
2115,Master,Together,66476,80,742,28,152,25,9
2117,PhD,Together,69805,50,750,71,174,13,10
2118,Master,Single,72217,93,816,42,450,55,56
2119,Graduation,Divorced,25818,51,5,2,8,2,2
2120,Master,Together,37509,24,37,5,56,12,8
2122,Graduation,Married,43586,26,99,2,11,4,0
2124,Graduation,Together,50116,68,54,0,10,0,0
2125,Graduation,Together,84906,98,997,15,414,99,30
2126,Graduation,Married,61286,34,356,0,107,19,9
2127,PhD,Married,82333,60,1311,0,359,46,89
2128,PhD,Together,65220,3,890,63,292,0,25
2129,Graduation,Together,33590,65,4,0,2,0,0
2130,Graduation,Divorced,30992,83,17,0,14,7,3
2131,Master,Single,72309,64,960,0,883,50,38
2132,PhD,Married,156924,85,2,1,2,1,1
2133,Basic,Married,16005,69,1,3,2,20,30
2134,Master,Absurd,65487,48,240,67,500,199,0
2135,Graduation,Married,58692,21,301,11,61,4,7
2136,Graduation,Widow,40590,30,154,0,50,6,11
2137,Graduation,Single,20587,39,2,3,6,4,1
2138,Master,Divorced,62637,76,104,12,48,4,12
2139,Master,Divorced,29435,11,70,3,37,4,2
2140,Graduation,Divorced,19346,26,2,0,9,3,6
2141,Graduation,Married,35788,34,23,2,11,3,1
2142,Graduation,Divorced,36997,72,43,4,12,8,0
2143,Graduation,Married,23539,13,4,24,11,16,1
2144,Graduation,Single,65333,58,654,7,92,0,15
2145,Graduation,Single,78499,12,912,72,170,47,36
2146,PhD,Together,29732,23,25,0,8,0,1
2147,Master,Together,41275,33,24,4,22,0,2
2148,PhD,Together,63516,30,141,11,114,15,14
2149,PhD,Married,42769,15,71,0,13,3,1
2150,Master,Married,49572,25,35,1,16,0,1
2151,Graduation,Married,69209,4,496,32,849,229,48
2152,Graduation,Married,17148,80,9,9,11,13,10
2153,Graduation,Widow,40590,30,154,0,50,6,11
2154,Master,Together,30560,6,9,1,5,4,5
2157,Master,Together,34176,9,11,2,7,4,2
2158,PhD,Married,58482,59,576,7,115,19,7
2159,Graduation,Single,59686,78,89,15,89,34,42
2160,PhD,Married,60896,90,1013,30,399,60,46
2161,Graduation,Together,62994,74,224,12,48,4,12
2162,Graduation,Together,47320,10,200,19,111,50,15
2164,Basic,Single,15253,13,1,3,3,8,1
2165,PhD,Single,31560,98,62,1,20,4,0
2166,Graduation,Divorced,72071,4,531,69,300,150,138
2167,Master,Single,91172,94,162,28,818,0,28
2168,Graduation,Married,90000,91,675,144,133,94,192
2169,Graduation,Single,41967,66,23,4,10,0,2
2170,Graduation,Single,69263,14,492,5,32,13,5
2172,Graduation,Together,60934,41,224,155,155,192,93
2173,Graduation,Married,71965,21,572,19,286,50,38
2174,Graduation,Married,65210,25,626,0,70,0,7
2175,PhD,Married,79174,2,1074,37,518,193,92
2176,Master,Divorced,81380,51,741,68,689,224,68
2177,PhD,YOLO,48432,3,322,3,50,4,3
2178,Graduation,Married,52914,32,254,10,44,30,10
2179,Graduation,Together,38946,84,116,6,82,6,6
2180,Graduation,Married,26067,49,22,2,18,0,2
2181,PhD,Married,44325,69,516,0,21,0,0
2182,Graduation,Married,42523,96,14,36,11,3,26
2183,Basic,Single,26487,23,2,8,10,12,14
2185,Graduation,Married,67716,8,530,142,217,62,9
2186,Master,Married,76234,21,519,50,167,130,0
2187,PhD,Married,84117,60,611,76,749,59,45
2188,Master,Together,65487,48,240,67,500,199,0
2189,Basic,Married,25224,36,4,9,12,11,2
2190,Master,Single,89616,36,671,47,655,145,111
2191,Graduation,Divorced,40851,63,23,1,7,0,4
2192,Graduation,Married,27469,2,9,1,2,3,2
2194,Graduation,Married,73803,61,833,80,363,52,26
2195,Master,Single,8820,52,12,0,13,4,2
2196,Graduation,Single,43322,25,56,7,48,10,2
2197,Graduation,Together,55593,63,293,8,124,11,4
2198,Graduation,Married,50501,10,297,0,38,13,0
2199,Graduation,Married,37085,65,39,1,16,2,0
2200,Basic,Single,16185,71,5,11,16,21,8
2201,Graduation,Single,57731,0,266,21,300,65,8
2202,PhD,YOLO,48432,3,322,3,50,4,3
2203,Graduation,Married,73807,88,366,124,156,71,78
2204,Graduation,Married,18929,15,32,0,8,23,4
2205,Graduation,Single,35893,80,158,0,23,0,0
2206,Graduation,Married,61014,17,269,129,495,182,43
2207,Graduation,Together,32144,76,41,0,10,0,0
2208,Basic,Together,14918,52,3,3,3,15,4
2209,Graduation,Divorced,45146,28,33,0,5,0,0
2211,Graduation,Together,88325,42,519,71,860,93,27
2212,Master,Divorced,38054,24,23,2,17,2,1
2214,Graduation,Married,5305,12,12,4,7,1,3
2215,Graduation,Together,36807,88,4,2,5,0,0
2216,Graduation,Together,28427,67,18,3,19,3,3
2217,PhD,Widow,82032,54,332,194,377,149,125
2218,Graduation,Together,22775,40,5,1,8,0,0
2219,Master,Together,40101,73,171,3,129,26,24
2220,Graduation,Married,58025,81,270,31,88,11,48
2221,Master,Single,75777,12,712,26,538,69,13
2223,Master,Married,33562,33,21,12,12,0,3
2224,PhD,Single,57642,24,580,6,58,8,0
2225,Graduation,Together,58554,55,368,24,68,38,0
2226,Graduation,Married,63777,87,457,5,106,15,17
2227,Graduation,Single,57967,39,229,7,137,4,0
2229,Graduation,Married,24434,9,3,2,8,20,0
2230,Graduation,Single,11012,82,24,3,26,7,1
2231,Master,Single,44802,71,853,10,143,13,10
2232,Graduation,Single,26816,50,5,1,6,3,4
2233,Graduation,Together,666666,23,9,14,18,8,1
2234,Graduation,Married,34421,81,3,3,7,6,2
2235,Graduation,Married,61223,46,709,43,182,42,118
2236,PhD,Together,64014,56,406,0,30,0,0
2237,Graduation,Divorced,56981,91,908,48,217,32,12
2238,Master,Together,69245,8,428,30,214,80,30
2239,PhD,Married,52869,40,84,3,61,2,1
